relative_time_s,kv_used,kv_evictable,kv_available,gen_throughput,global_hit_rate,kv_occupancy_pct,throughput_smoothed,hit_rate_smoothed,method
0,7.0,0.0,128325.0,0.0,0.0,0.005454602125736371,0.0,0.0,flat_prompt
1,1718.0,98.0,126516.0,1364.559984669969,0.0,1.4150796371910357,248.10181539453984,0.0,flat_prompt
2,0.0,2076.0,126256.0,0.0,0.0,1.6176791447183865,202.9923944137144,0.0,flat_prompt
3,0.0,2076.0,126256.0,0.0,0.0,1.6176791447183865,166.08468633849358,0.0,flat_prompt
4,1362.0,2008.0,124962.0,301.18230482769354,0.0,2.62600130910451,190.6478897001663,0.0,flat_prompt
5,2541.0,2008.0,123783.0,923.3858844426207,0.0,3.544712152853536,323.8729796533398,0.0,flat_prompt
6,3669.0,3879.0,120784.0,1426.5317088257902,0.0,5.881619549294018,524.3563849574217,0.0,flat_prompt
7,4592.0,5494.0,118246.0,773.9585636809461,0.0,7.859302434311005,569.7385992707898,0.0,flat_prompt
8,3716.0,8688.0,115928.0,1534.5702755224063,0.0,9.66555496680485,745.1625404074473,0.0,flat_prompt
9,3676.0,9536.0,115120.0,913.8145619413352,0.0,10.29517189788985,775.8265443226996,0.0,flat_prompt
10,1316.0,13514.0,113502.0,315.1007542341814,0.0,11.555964217810056,692.0582188520599,0.0,flat_prompt
11,3755.0,13514.0,111063.0,328.49218253071405,0.070090215128383,13.456503444191629,625.9553031572698,0.012743675477887817,flat_prompt
12,6531.0,14477.0,107324.0,1107.085630918702,0.0678426051560379,16.370040208209954,713.4335445684392,0.022761662692096923,flat_prompt
13,10273.0,15128.0,102931.0,954.6309003704938,0.0483091787439613,19.79319265654708,757.2876092597218,0.02740666561061772,flat_prompt
14,12285.0,16276.0,99771.0,1009.0387605975698,0.0751633986928104,22.2555559018795,803.0605458666032,0.03608970798919821,flat_prompt
15,11375.0,21439.0,95518.0,812.0708864943913,0.064039408866995,25.5696163077019,804.6987896171102,0.04117147178516126,flat_prompt
16,10958.0,24569.0,92805.0,1150.6375977795435,0.0316856780735107,27.683664245862293,867.5967547375526,0.03944678201940661,flat_prompt
17,9076.0,29324.0,89932.0,1288.0141722665062,0.0,29.922388804039525,944.0362851973623,0.03227463983405995,flat_prompt
18,8908.0,32852.0,86572.0,708.4557223479873,0.0,32.54059782439298,901.2034555883849,0.0264065235005945,flat_prompt
19,9677.0,34204.0,84451.0,1381.77044893458,0.0,34.1933422684911,988.5792725604203,0.02160533740957732,flat_prompt
20,10608.0,35385.0,82339.0,1085.3894692559238,0.0,35.839073652713274,1006.1811265050573,0.017677094244199623,flat_prompt
21,9224.0,40523.0,78585.0,1138.3747878504623,0.0,38.76429884985818,1030.2163376587673,0.0144630771088906,flat_prompt
22,8794.0,44092.0,75446.0,1405.6465433098997,0.0518433179723502,41.21029828881339,1098.4763750498823,0.021259484538610526,flat_prompt
23,9553.0,45463.0,73316.0,1399.4567749630532,0.0,42.87005579278746,1153.2000841250042,0.01739412371340861,flat_prompt
24,10753.0,45463.0,72116.0,1388.93849039028,0.0,43.80513044291369,1196.0616125368724,0.014231555765516135,flat_prompt
25,11321.0,46431.0,70580.0,1244.4424883653046,0.0,45.00202599507527,1204.858135414769,0.011644000171785927,flat_prompt
26,9997.0,50677.0,67658.0,890.5610271053329,0.0,47.278932768132655,1147.7132066312352,0.009526909231461213,flat_prompt
27,9415.0,52400.0,66517.0,1135.924324892113,0.3679245283018867,48.16803291462769,1145.5697735877584,0.0746901126988113,flat_prompt
28,7444.0,55753.0,65135.0,804.5697887248226,0.0,49.244927220023065,1083.5697763399519,0.06111009220811833,flat_prompt
29,5917.0,59527.0,62888.0,935.9019787076116,0.0,50.99585450238444,1056.7210858613444,0.049999166352096815,flat_prompt
30,3876.0,62588.0,61868.0,748.3457148059784,0.303030303030303,51.79066795499174,1000.6528365785505,0.09600482756631612,flat_prompt
31,3547.0,63570.0,61215.0,459.37172173682126,0.0,52.29950441043544,902.2380884255087,0.07854940437244046,flat_prompt
32,4937.0,63933.0,59462.0,593.8752469903178,0.1358974358974359,53.66549262849484,846.172117255474,0.08897631919516688,flat_prompt
33,6519.0,63918.0,57895.0,1099.0855418794845,0.0,54.886544275784686,892.1563762780213,0.07279880661422744,flat_prompt
34,4090.0,67627.0,56615.0,1042.2561537501472,0.0,55.88395723591933,919.4472449093169,0.05956265995709517,flat_prompt
35,3743.0,69680.0,54909.0,556.3959243226168,0.0,57.213321696848794,853.4379138935532,0.0487330854194415,flat_prompt
36,2334.0,72294.0,53704.0,704.9632316815326,0.0,58.15229249135056,826.4425171277312,0.039872524434088494,flat_prompt
37,3687.0,73056.0,51589.0,441.10571247913697,0.0,59.80036156219805,756.3812799188958,0.03262297453698149,flat_prompt
38,2652.0,75135.0,50545.0,757.4205466421582,0.0,60.61387650780787,756.5702375049434,0.026691524621166675,flat_prompt
39,2273.0,77640.0,48419.0,803.7633930915397,0.0,62.270517096281516,765.150811247961,0.021838520144590916,flat_prompt
40,2405.0,78376.0,47551.0,462.2819380152298,0.0,62.94688775987283,710.0837433874643,0.017867880118301656,flat_prompt
41,1530.0,80283.0,46519.0,407.1370497427819,0.0,63.7510519589814,655.0025263611584,0.014619174642246808,flat_prompt
42,2796.0,80812.0,44724.0,697.492781716378,0.0,65.14976778979522,662.7280273348346,0.011961142889111024,flat_prompt
43,4985.0,81775.0,41572.0,370.8108012958039,0.0,67.60589720412679,609.6521680550109,0.009786389636545382,flat_prompt
44,7049.0,82402.0,38881.0,887.9123595871854,0.0491329479768786,69.70280210703488,660.2449301517698,0.016940309334787785,flat_prompt
45,10599.0,83969.0,33764.0,423.4420186272854,0.0,73.69011626094817,617.1898553291362,0.013860253092099095,flat_prompt
46,8592.0,87834.0,31906.0,1152.4183840275523,0.0,75.13792351089363,714.5041332743027,0.011340207075353805,flat_prompt
47,10069.0,89099.0,29164.0,1252.871695031434,0.0,77.27456908643207,812.389144502872,0.009278351243471294,flat_prompt
48,6715.0,95553.0,26064.0,1032.659741554654,0.0,79.69017859925818,852.4383439668322,0.007591378290112877,flat_prompt
49,8868.0,96394.0,23070.0,1158.918297675736,0.0,82.02318985132312,908.1619719139056,0.006211127691910535,flat_prompt
50,10088.0,97688.0,20556.0,1157.8938375697749,0.060576923076923,83.98217124333759,953.5677656695182,0.016095817761912802,flat_prompt
51,10304.0,99422.0,18606.0,942.897105935776,0.0,85.50166754979273,951.6276457179285,0.013169305441565018,flat_prompt
52,10793.0,100658.0,16881.0,1249.536009966955,0.0,86.84583735934919,1005.7928028541152,0.010774886270371377,flat_prompt
53,10478.0,101974.0,15880.0,1138.8069717946526,0.0,87.62584546332948,1029.9771972069402,0.008815816039394762,flat_prompt
54,11703.0,105084.0,11545.0,601.7626046789356,0.0730994152046783,91.0038026369105,952.1199985654848,0.020503743160355407,flat_prompt
55,12224.0,106236.0,9872.0,1079.073535333961,0.0,92.3074525449615,975.2024597961168,0.016775789858472605,flat_prompt
56,12266.0,109840.0,6226.0,1362.1889218110782,0.034401876465989,95.14852102359505,1045.563634707928,0.01998053287802104,flat_prompt
57,12087.0,112176.0,4069.0,824.5914997535865,0.0,96.82931770719696,1005.3868828980476,0.01634770871838085,flat_prompt
58,12673.0,113902.0,1757.0,1364.3397040094037,0.0,98.63089486644017,1070.6510321910214,0.013375398042311604,flat_prompt
59,13264.0,115035.0,33.0,1357.711597197018,0.0,99.97428544712153,1122.8438621921116,0.010943507489164039,flat_prompt
60,13441.0,114562.0,329.0,1357.849717334852,0.0,99.7436337000904,1165.5721994907917,0.008953778854770576,flat_prompt
61,12649.0,115402.0,281.0,1159.3193430576616,0.0,99.78103668609543,1164.43531650295,0.007325819062994107,flat_prompt
62,11878.0,116345.0,109.0,1046.4230550138136,0.0,99.91506405261353,1142.9785416867433,0.005993851960631542,flat_prompt
63,12838.0,115332.0,162.0,1118.459487029248,0.0,99.87376492223295,1138.5205317490168,0.00490406069506217,flat_prompt
64,9101.0,118961.0,270.0,663.3153999973944,0.0,99.7896082037216,1052.1195987032672,0.004012413295959957,flat_prompt
65,6758.0,121507.0,67.0,468.495604606002,0.0,99.94779166536794,946.0061452310372,0.0032828836057854196,flat_prompt
66,3495.0,124722.0,115.0,543.1224007340642,0.238095238095238,99.91038867936291,872.7545553224966,0.045976038967504074,flat_prompt
67,4423.0,123501.0,408.0,603.5958543979502,0.0,99.68207461895709,823.8166096998518,0.037616759155230606,flat_prompt
68,4107.0,124040.0,185.0,451.0673307414311,0.0,99.85584265810554,756.0440135255934,0.03077734839973413,flat_prompt
69,4143.0,123590.0,599.0,360.2232821787446,0.0746031746031746,99.53324190381198,684.0766078261663,0.03874568043672331,flat_prompt
70,5906.0,122100.0,326.0,955.7616144977632,0.0,99.74597138671571,733.4738817664565,0.03170101126640998,flat_prompt
71,5144.0,123080.0,108.0,1132.5396181295953,0.0,99.91584328148863,806.0312883779362,0.025937191036153617,flat_prompt
72,2507.0,125679.0,146.0,576.6491197978789,0.0,99.88623258423465,764.3254395451985,0.021221338120489323,flat_prompt
73,2935.0,125201.0,196.0,607.2257665019426,0.1511254019292604,99.84727114047938,735.7618626282429,0.04484025881299315,flat_prompt
74,3001.0,124725.0,606.0,429.26629908122845,0.0,99.52778730168626,680.0353965287857,0.036687484483358034,flat_prompt
75,2901.0,124596.0,835.0,319.1592195810349,0.3525641025641026,99.34934388928716,614.421546174649,0.09411959686167523,flat_prompt
76,4577.0,123183.0,572.0,766.569928352572,0.0359915314043754,99.55428108343983,642.0848883888168,0.0835508576876207,flat_prompt
77,5903.0,122097.0,332.0,754.0847621587636,0.0427493713327745,99.74129601346507,662.4485018015343,0.07613240562310321,flat_prompt
78,4307.0,123856.0,169.0,349.51820745915023,0.0,99.86831032010723,605.5520846483735,0.06229015005526626,flat_prompt
79,3100.0,124510.0,722.0,614.008652694411,0.0,99.43739675217404,607.0896424749258,0.05096466822703603,flat_prompt
80,1843.0,126020.0,469.0,591.3122642619055,0.1634349030470914,99.63454165757565,604.2210282543766,0.07141380183068245,flat_prompt
81,2496.0,125489.0,347.0,364.3328471598833,0.0,99.7296075803385,560.604995328105,0.05842947422510382,flat_prompt
82,3886.0,123769.0,677.0,803.1888902427884,0.0,99.47246205155378,604.7111580398656,0.04780593345690312,flat_prompt
83,3843.0,124156.0,333.0,608.8136846035933,0.0,99.74051678458997,605.4570719605433,0.039113945555648004,flat_prompt
84,3333.0,124257.0,742.0,489.76174447171377,0.0,99.42181217467194,584.4215578716652,0.03200231909098473,flat_prompt
85,4127.0,123704.0,501.0,615.2834147663215,0.0577956989247311,99.6096063335723,590.0328045797845,0.03669202451530225,flat_prompt
86,3740.0,124232.0,360.0,614.9901512402787,0.0627352572145545,99.71947760496212,594.5705039726016,0.04142715773334811,flat_prompt
87,4465.0,123516.0,351.0,757.0930362029749,0.0,99.72649066483808,624.1200552872149,0.033894947236375726,flat_prompt
88,6965.0,120702.0,665.0,885.5188991318598,0.0,99.48181279805505,671.647117804423,0.027732229557034683,flat_prompt
89,7324.0,120817.0,191.0,879.1257642261952,0.0,99.85116728485491,709.3705080629271,0.022690006001210194,flat_prompt
90,5805.0,121878.0,649.0,549.2312118172598,0.0,99.49428046005673,680.2542723818967,0.018564550364626523,flat_prompt
91,8801.0,119079.0,452.0,1157.1356596557382,0.0,99.64778854845245,766.9599791589587,0.015189177571058064,flat_prompt
92,10690.0,116710.0,932.0,839.9083365650894,0.056043956043956,99.27375868840195,780.2233168691643,0.02261731911158496,flat_prompt
93,10547.0,117127.0,658.0,1091.3257013254322,0.0,99.48726740018078,836.7873867703039,0.018505079273114965,flat_prompt
94,9985.0,117948.0,399.0,1392.7330642689687,0.0,99.68908767883302,937.8684190427883,0.01514051940527588,flat_prompt
95,10269.0,117160.0,903.0,835.8045181654295,0.0,99.29635632578001,919.3113461559958,0.012387697695225719,flat_prompt
96,11869.0,116188.0,275.0,1372.236183390976,0.0,99.78571205934607,1001.6613165623558,0.010135389023366496,flat_prompt
97,11669.0,116435.0,228.0,1278.0628810663052,0.0,99.82233581647601,1051.9161464721647,0.008292591019118042,flat_prompt
98,12869.0,115116.0,347.0,1358.631200259956,0.0,99.7296075803385,1107.6825198881265,0.006784847197460216,flat_prompt
99,11611.0,116667.0,54.0,810.1957733757806,0.3571428571428571,99.95792164074432,1053.5940205222455,0.07048630355116874,flat_prompt
100,12683.0,115631.0,18.0,1112.037287582904,0.0,99.9859738802481,1064.2200690787288,0.05767061199641078,flat_prompt
101,9587.0,118067.0,678.0,753.5171787047465,0.0502183406113537,99.47168282267867,1007.7286344652773,0.05631565356276404,flat_prompt
102,,,,0.0,0.0,99.47168282267867,824.5052463806813,0.04607644382407966,flat_prompt
103,7137.0,121082.0,113.0,469.16273525348726,0.0,99.91194713711312,759.8975170848278,0.0376989085833379,flat_prompt
104,7940.0,120056.0,336.0,874.5450830558816,0.0,99.73817909796465,780.7425290795647,0.030844561568185554,flat_prompt
105,8900.0,119361.0,71.0,868.4719339455092,0.0,99.94467474986753,796.6933299642818,0.025236459464879086,flat_prompt
106,9620.0,118074.0,638.0,863.0471227901228,0.0,99.50285197768288,808.7576559326164,0.020648012289446523,flat_prompt
107,10800.0,116670.0,862.0,1124.1279625633847,0.24375,99.32830470965932,866.0977116836651,0.061212010055001695,flat_prompt
108,10309.0,117334.0,689.0,1237.8946858403965,0.3596491228070175,99.46311130505252,933.6971615303435,0.11547330328264094,flat_prompt
109,9632.0,117928.0,772.0,889.96957990674,0.0,99.39843530841878,925.7466921442337,0.09447815723125166,flat_prompt
110,5558.0,122079.0,695.0,649.1138084340886,0.0,99.45843593180189,875.4498041969346,0.07730031046193317,flat_prompt
111,1623.0,126625.0,84.0,469.8252979687731,0.0,99.93454477449116,801.6998939736324,0.0632457085597635,flat_prompt
112,612.0,127395.0,325.0,0.0,0.0769230769230769,99.74675061559081,655.9362768875174,0.06573250280763866,flat_prompt
113,1195.0,126803.0,334.0,316.1543315905991,0.0,99.73973755571487,594.1577413789867,0.053781138660795265,flat_prompt
114,2002.0,125915.0,415.0,469.7798841264128,0.3552631578947368,99.67662001683134,571.5435855148822,0.10859605124878463,flat_prompt
115,1428.0,126662.0,242.0,625.5990134990468,0.0,99.81142661222454,581.3718451483667,0.08885131465809651,flat_prompt
116,5719.0,121286.0,1327.0,508.97098212513214,0.0,98.9659632827354,568.2080518714149,0.07269653017480623,flat_prompt
117,7620.0,120312.0,400.0,587.1511368126858,0.0,99.68830844995792,571.6522491334641,0.05947897923393237,flat_prompt
118,11421.0,115228.0,1683.0,516.2859816867231,0.0,98.68855780319795,561.5856550522384,0.04866461937321739,flat_prompt
119,6417.0,121704.0,211.0,915.6545104119468,0.0,99.8355827073528,625.9618105721854,0.03981650675990513,flat_prompt
120,4825.0,122507.0,1000.0,603.2162608825407,0.0,99.2207711248948,621.8262560831591,0.03257714189446784,flat_prompt
121,2444.0,125265.0,623.0,502.54602033341496,0.0,99.51454041080946,600.1389404922966,0.026654025186382775,flat_prompt
122,4389.0,122935.0,1008.0,1033.914042232553,0.0,99.21453729389397,679.0071408087068,0.021807838788858634,flat_prompt
123,5796.0,121683.0,853.0,922.9861487659246,0.0505836575875486,99.33531776953527,723.3669604372918,0.0270398058431659,flat_prompt
124,5221.0,122082.0,1029.0,1068.2805500320578,0.0659340659340659,99.19817348751675,786.0785221817947,0.0341114894960568,flat_prompt
125,7080.0,120434.0,818.0,746.1260436320841,0.040977147360126,99.36259078016396,778.8144351727564,0.03535979092588756,flat_prompt
126,6899.0,120728.0,705.0,665.4534774674569,0.0,99.45064364305084,758.203351953611,0.02893073803027164,flat_prompt
127,7025.0,121304.0,3.0,884.2132250276148,0.0,99.99766231337468,781.1142379670662,0.02367060384294952,flat_prompt
128,6701.0,121520.0,111.0,654.6366006774658,0.0,99.91350559486332,758.1183039144115,0.01936685768968597,flat_prompt
129,10965.0,116390.0,977.0,654.6366006774658,0.0489642184557438,99.23869338902223,739.3034487804214,0.024748196010787392,flat_prompt
130,11980.0,116249.0,103.0,1179.457099696236,0.0770519262981574,99.91973942586417,819.3313853105694,0.03425796515394557,flat_prompt
131,13498.0,114398.0,436.0,1487.9475906982,0.0,99.66025621045414,940.8979681083204,0.028029244216864556,flat_prompt
132,10827.0,117007.0,498.0,862.910161657543,0.0,99.61194402019761,926.7183669354517,0.022933017995616454,flat_prompt
133,11448.0,116592.0,292.0,1374.9998057811624,0.0,99.77246516846928,1008.2240830892173,0.018763378360049824,flat_prompt
134,11419.0,116583.0,330.0,1041.77562828157,0.0,99.74285447121528,1014.3243640332814,0.015351855021858946,flat_prompt
135,11727.0,115421.0,1184.0,1050.828993462214,0.0,99.07739301187544,1020.9615693839964,0.012560608654248228,flat_prompt
136,10044.0,118177.0,111.0,1143.7006179783716,0.0,99.91350559486332,1043.277760037519,0.010276861626203095,flat_prompt
137,10388.0,117932.0,12.0,1137.6423770988315,0.0,99.99064925349874,1060.434963139576,0.008408341330529805,flat_prompt
138,9378.0,118489.0,465.0,1008.099873664316,0.0,99.63765857307608,1050.9194923258922,0.0068795519977062035,flat_prompt
139,7931.0,119768.0,633.0,874.2508185019668,0.0,99.50674812205841,1018.7979152669966,0.00562872436175962,flat_prompt
140,8262.0,119863.0,207.0,867.4503451636472,0.0,99.83869962285323,991.2801752482058,0.00460531993234878,flat_prompt
141,8426.0,119451.0,455.0,869.0984705766729,0.0445544554455445,99.64545086182713,969.0653198533815,0.011868799116566183,flat_prompt
142,5234.0,122404.0,694.0,597.7245448451207,0.0,99.45921516067699,901.5488153064249,0.009710835640826877,flat_prompt
143,5714.0,122404.0,214.0,598.3847822012618,0.0,99.83324502072749,846.4280820145771,0.007945229160676534,flat_prompt
144,4598.0,122864.0,870.0,455.6390175280032,0.0,99.32207087865848,775.3755248351999,0.006500642040553528,flat_prompt
145,5078.0,122864.0,390.0,453.7076181221028,0.0,99.69610073870896,716.8904508873641,0.005318707124089249,flat_prompt
146,3870.0,124436.0,26.0,306.5723893211821,0.0,99.97974004924727,642.2871669662401,0.004351669465163931,flat_prompt
147,1921.0,126346.0,65.0,158.9442913809048,0.0,99.94935012311817,554.4066441325427,0.0035604568351341247,flat_prompt
148,0.0,127635.0,697.0,0.0,0.0,99.45687747405168,453.60543610844405,0.00291310104692792,flat_prompt
149,0.0,127635.0,697.0,0.0,0.0,99.45687747405168,371.1317204523633,0.002383446311122843,flat_prompt
150,0.0,127635.0,697.0,0.0,0.0,99.45687747405168,303.65322582466086,0.0019500924363732351,flat_prompt
151,0.0,127635.0,697.0,0.0,0.0,99.45687747405168,248.44354840199523,0.001595530175214465,flat_prompt
152,0.0,127635.0,697.0,0.0,0.0,99.45687747405168,203.27199414708699,0.0013054337797209258,flat_prompt
153,0.0,127635.0,697.0,0.0,0.0,99.45687747405168,166.3134497567075,0.00106808218340803,flat_prompt
154,0.0,127635.0,697.0,0.0,0.0,99.45687747405168,136.0746407100334,0.0008738854227883881,flat_prompt
155,0.0,127635.0,697.0,0.0,0.0,99.45687747405168,111.33379694457278,0.0007149971640995902,flat_prompt
156,0.0,127635.0,697.0,0.0,0.0,99.45687747405168,91.09128840919591,0.0005849976797178465,flat_prompt
157,0.0,127635.0,697.0,0.0,0.0,99.45687747405168,74.52923597116029,0.0004786344652236926,flat_prompt
158,0.0,127635.0,697.0,0.0,0.0,99.45687747405168,60.97846579458569,0.000391610017001203,flat_prompt
159,0.0,127635.0,697.0,0.0,0.0,99.45687747405168,49.89147201375192,0.00032040819572825695,flat_prompt
160,0.0,127635.0,697.0,0.0,0.0,99.45687747405168,40.820295283978844,0.00026215216014130113,flat_prompt
161,0.0,127635.0,697.0,0.0,0.0,99.45687747405168,33.398423414164505,0.00021448813102470092,flat_prompt
162,0.0,127635.0,697.0,0.0,0.0,99.45687747405168,27.32598279340732,0.00017549028902020983,flat_prompt
163,0.0,127635.0,697.0,0.0,0.0,99.45687747405168,22.357622285515077,0.00014358296374380802,flat_prompt
164,0.0,127635.0,697.0,0.0,0.0,99.45687747405168,18.29260005178506,0.00011747697033584291,flat_prompt
165,0.0,127635.0,697.0,0.0,0.0,99.45687747405168,14.966672769642322,9.611752118387147e-05,flat_prompt
166,0.0,127635.0,697.0,0.0,0.0,99.45687747405168,12.245459538798263,7.864160824134937e-05,flat_prompt
167,0.0,127635.0,697.0,0.0,0.0,99.45687747405168,10.01901234992585,6.434313401564948e-05,flat_prompt
168,0.0,127635.0,697.0,0.0,0.0,99.45687747405168,8.197373740848422,5.264438237644048e-05,flat_prompt
169,0.0,127635.0,697.0,0.0,0.0,99.45687747405168,6.706942151603253,4.3072676489814934e-05,flat_prompt
170,0.0,127635.0,697.0,0.0,0.0,99.45687747405168,5.487498124039025,3.524128076439404e-05,flat_prompt
171,0.0,127635.0,697.0,0.0,0.0,99.45687747405168,4.489771192395565,2.8833775170867847e-05,flat_prompt
172,0.0,127635.0,697.0,0.0,0.0,99.45687747405168,3.673449157414553,2.3591270594346417e-05,flat_prompt
173,0.0,127635.0,697.0,0.0,0.0,99.45687747405168,3.0055493106119067,1.930194866810161e-05,flat_prompt
174,0.0,127635.0,697.0,0.0,0.0,99.45687747405168,2.4590857995915596,1.57925034557195e-05,flat_prompt
175,0.0,127635.0,697.0,0.0,0.0,99.45687747405168,2.0119792905749123,1.2921139191043227e-05,flat_prompt
176,0.0,127635.0,697.0,0.0,0.0,99.45687747405168,1.6461648741067463,1.0571841156308094e-05,flat_prompt
177,0.0,127635.0,697.0,0.0,0.0,99.45687747405168,1.3468621697237013,8.649688218797531e-06,flat_prompt
178,0.0,127635.0,697.0,0.0,0.0,99.45687747405168,1.1019781388648464,7.077017633561616e-06,flat_prompt
179,0.0,127635.0,697.0,0.0,0.0,99.45687747405168,0.9016184772530561,5.79028715473223e-06,flat_prompt
180,0.0,127635.0,697.0,0.0,0.0,99.45687747405168,0.7376878450252277,4.7375076720536424e-06,flat_prompt
181,0.0,127635.0,697.0,0.0,0.0,99.45687747405168,0.603562782293368,3.876142640771161e-06,flat_prompt
182,0.0,127635.0,697.0,0.0,0.0,99.45687747405168,0.4938240946036647,3.171389433358223e-06,flat_prompt
183,0.0,127635.0,697.0,0.0,0.0,99.45687747405168,0.40403789558481656,2.594773172747637e-06,flat_prompt
184,0.0,127635.0,697.0,0.0,0.0,99.45687747405168,0.3305764600239408,2.1229962322480664e-06,flat_prompt
185,0.0,127635.0,697.0,0.0,0.0,99.45687747405168,0.270471649110497,1.7369969172938724e-06,flat_prompt
186,0.0,127635.0,697.0,0.0,0.0,99.45687747405168,0.22129498563586114,1.4211792959677136e-06,flat_prompt
187,0.0,127635.0,697.0,0.0,0.0,99.45687747405168,0.1810595337020682,1.1627830603372202e-06,flat_prompt
188,,,,0.0,0.0,99.45687747405168,0.14813961848351034,9.513679584577255e-07,flat_prompt
189,,,,0.0,0.0,99.45687747405168,0.12120514239559936,7.783919660108663e-07,flat_prompt
190,,,,0.0,0.0,99.45687747405168,0.09916784377821765,6.368661540088905e-07,flat_prompt
191,,,,0.0,0.0,99.45687747405168,0.08113732672763262,5.210723078254558e-07,flat_prompt
192,,,,0.0,0.0,99.45687747405168,0.06638508550442668,4.2633188822082747e-07,flat_prompt
193,,,,0.0,0.0,99.45687747405168,0.054315069958167275,3.488169994534043e-07,flat_prompt
194,,,,0.0,0.0,99.45687747405168,0.04443960269304595,2.853957268255126e-07,flat_prompt
195,,,,0.0,0.0,99.45687747405168,0.036359674930673956,2.335055946754194e-07,flat_prompt
196,,,,0.0,0.0,99.45687747405168,0.029748824943278688,1.910500320071613e-07,flat_prompt
197,,,,0.0,0.0,99.45687747405168,0.02433994768086438,1.5631366255131378e-07,flat_prompt
198,,,,0.0,0.0,99.45687747405168,0.019914502647979945,1.278929966328931e-07,flat_prompt
199,,,,0.0,0.0,99.45687747405168,0.01629368398471086,1.0463972451782162e-07,flat_prompt
200,,,,0.0,0.0,99.45687747405168,0.013331195987490704,8.561432006003587e-08,flat_prompt
201,,,,0.0,0.0,99.45687747405168,0.010907342171583304,7.004808004912025e-08,flat_prompt
202,,,,0.0,0.0,99.45687747405168,0.008924189049477248,5.731206549473475e-08,flat_prompt
203,,,,0.0,0.0,99.45687747405168,0.007301609222299566,4.689168995023752e-08,flat_prompt
204,,,,0.0,0.0,99.45687747405168,0.0059740439091541895,3.836592814110342e-08,flat_prompt
205,,,,0.0,0.0,99.45687747405168,0.004887854107489791,3.1390304842720977e-08,flat_prompt
206,,,,0.0,0.0,99.45687747405168,0.003999153360673465,2.568297668949898e-08,flat_prompt
207,,,,0.0,0.0,99.45687747405168,0.003272034567823744,2.1013344564135525e-08,flat_prompt
208,,,,0.0,0.0,99.45687747405168,0.0026771191918557903,1.7192736461565428e-08,flat_prompt
209,,,,0.0,0.0,99.45687747405168,0.00219037024788201,1.406678437764444e-08,flat_prompt
210,,,,0.0,0.0,99.45687747405168,0.0017921211119034627,1.1509187218072723e-08,flat_prompt
211,,,,0.0,0.0,99.45687747405168,0.0014662809097391967,9.416607723877682e-09,flat_prompt
212,,,,0.0,0.0,99.45687747405168,0.0011996843806957062,7.704497228627193e-09,flat_prompt
213,,,,0.0,0.0,99.45687747405168,0.0009815599478419413,6.303679550694976e-09,flat_prompt
214,,,,0.0,0.0,99.45687747405168,0.0008030945027797701,5.157555996023162e-09,flat_prompt
215,,,,0.0,0.0,99.45687747405168,0.0006570773204561755,4.219818542200769e-09,flat_prompt
216,,,,0.0,0.0,99.45687747405168,0.0005376087167368709,3.452578807255174e-09,flat_prompt
217,,,,0.0,0.0,99.45687747405168,0.00043986167733016705,2.824837205936051e-09,flat_prompt
218,,,,0.0,0.0,99.45687747405168,0.00035988682690650027,2.3112304412204053e-09,flat_prompt
219,,,,0.0,0.0,99.45687747405168,0.0002944528583780457,1.891006724634877e-09,flat_prompt
0,7.0,0.0,130328.0,0.0,0.0,0.0053707753097786476,0.0,0.0,static_first
1,392.0,1484.0,128459.0,346.07966347325555,0.0,1.4393677830206775,62.92357517695556,0.0,static_first
2,0.0,1952.0,128383.0,0.0,0.0,1.49767905781256,51.48292514478182,0.0,static_first
3,227.0,1850.0,128258.0,161.2135179904859,0.0,1.593585759772893,71.43394202581892,0.0,static_first
4,1540.0,1716.0,127079.0,161.46356973569226,0.1294642857142857,2.4981777726627534,87.80296524579589,0.023538961038961036,static_first
5,2685.0,2065.0,125585.0,395.90293086556704,0.0,3.644454674492654,143.821140813027,0.01925914994096812,static_first
6,4750.0,1862.0,123723.0,917.0931337622696,0.2,5.073080906893774,284.41604862198017,0.052121122678973925,static_first
7,4436.0,3799.0,122100.0,1003.2283203326332,0.1922480620155038,6.318333525146737,415.109188933008,0.07759874801288844,static_first
8,3819.0,5782.0,120734.0,616.0734731999011,0.4831460674157303,7.366401964169256,451.6481497088067,0.15133462426795058,static_first
9,3981.0,7928.0,118426.0,957.1013065760214,0.6875,9.137223309164845,543.548723684664,0.2488192380374141,static_first
10,5284.0,8663.0,116388.0,1314.9478589932764,0.0,10.700886177926114,683.8031119225935,0.20357937657606606,static_first
11,3086.0,12330.0,114919.0,738.7304445261902,0.0,11.827981739363945,693.789899668702,0.16656494447132678,static_first
12,2383.0,15039.0,112913.0,465.6265406081237,0.0,13.367092492423371,652.3056525667787,0.1362804091129037,static_first
13,2219.0,15536.0,112580.0,312.3011507817189,0.0,13.622587946445696,590.4866522422224,0.11150215291055757,static_first
14,5604.0,16067.0,108664.0,300.99260109657746,0.1940035273368606,16.62715310545901,537.8513702157414,0.12650240280624903,static_first
15,7450.0,17307.0,105578.0,748.0289082955603,0.0596068484464172,18.99489776345571,576.0654680484357,0.11433957474082505,static_first
16,12001.0,17040.0,101294.0,1508.1636383594046,0.0,22.281812253040243,745.53786265043,0.09355056115158412,static_first
17,9327.0,21936.0,99072.0,846.4690851052309,0.0,23.98664978708712,763.8889940058483,0.07654136821493246,static_first
18,6959.0,27558.0,95818.0,871.7776076412573,0.1111111111111111,26.48329305251851,783.5051055759227,0.08282677601423766,static_first
19,7349.0,30143.0,92843.0,777.7065826214643,0.0,28.765872559174433,782.450828675112,0.06776736219346717,static_first
20,8699.0,30779.0,90857.0,1160.196957646183,0.0,30.289638239920208,851.1319430334886,0.05544602361283677,static_first
21,10923.0,31954.0,87458.0,1048.3213671343433,0.0,32.89753327962558,886.9845655972803,0.04536492841050281,static_first
22,11023.0,34214.0,85098.0,1385.9181876906805,0.0,34.70825181263667,977.6997696142621,0.03711675960859321,static_first
23,12424.0,35503.0,82408.0,1502.3343373367609,0.0,36.772164038823036,1073.0878728365346,0.03036825786157626,static_first
24,11756.0,38089.0,80490.0,1376.9264246292469,0.0,38.24375647370238,1128.3312458897549,0.024846756432198757,static_first
25,11999.0,40273.0,78063.0,1367.514125540543,0.0,40.1058809989642,1171.819042189898,0.020329164353617164,static_first
26,11966.0,42743.0,75626.0,1366.326544153265,0.0,41.97567806038286,1207.1840425468738,0.016632952652959495,static_first
27,10751.0,47303.0,72281.0,923.241711843611,0.191860465116279,44.54214140484137,1155.5581642371894,0.048492500373563036,static_first
28,11066.0,49000.0,70269.0,1381.476328216948,0.0,46.085855679594886,1196.6341940516909,0.0396756821238243,static_first
29,10811.0,50482.0,69042.0,1136.7123802058738,0.0,47.02727586603752,1185.7393188069968,0.032461921737674426,static_first
30,10863.0,51815.0,67657.0,1051.2844489265565,0.0,48.08992212375801,1161.292978828735,0.026559754149006347,static_first
31,9326.0,55264.0,65745.0,655.9049525583711,0.0,49.55691103694326,1069.4042467795778,0.0217307079400961,static_first
32,9930.0,57201.0,63204.0,1143.4755957174154,0.0,51.50650247439291,1082.8717647682754,0.0177796701328059,static_first
33,9775.0,59074.0,61486.0,991.8774526547857,0.1702127659574468,52.82464418613573,1066.3273443840044,0.045494778464558794,static_first
34,7797.0,62241.0,60297.0,731.3263629279483,0.0,53.73690873518241,1005.4180750283577,0.03722300056191174,static_first
35,4196.0,66765.0,59374.0,705.3939391238108,0.2,54.44508382245752,950.8682321366219,0.06681881864156415,static_first
36,2457.0,69366.0,58512.0,159.16997189077694,0.3165905631659056,55.106456439175965,806.9230939101046,0.11223186310053532,static_first
37,4267.0,69143.0,56925.0,607.5672093410191,0.0,56.32408792726436,770.6765694429981,0.09182606980952888,static_first
38,5371.0,69071.0,55893.0,748.3117152319172,0.0,57.115893658648865,766.6102323137106,0.0751304207532509,static_first
39,4479.0,71804.0,54052.0,670.0829666094118,0.1021377672209026,58.52840756512065,749.0598203674745,0.08004084738373302,static_first
40,3175.0,74645.0,52515.0,766.2635051693911,0.0,59.7076763724249,752.187763058732,0.06548796604123609,static_first
41,3686.0,75343.0,51306.0,546.8274062267159,0.0,60.635285993785246,714.8495163620019,0.05358106312464771,static_first
42,2239.0,78215.0,49881.0,244.6862406687727,0.0,61.728622396133034,629.3652844177783,0.04383905164743903,static_first
43,2557.0,78476.0,49302.0,365.4154082085452,0.0,62.1728622396133,581.3743978342814,0.0358683149842683,static_first
44,3750.0,79047.0,47538.0,613.4962103400752,0.2443064182194617,63.52629761767752,587.2147273807893,0.07376615193612164,static_first
45,4060.0,80169.0,46106.0,913.6407361346568,0.0,64.6250047953351,646.5649107905833,0.06035412431137225,static_first
46,4806.0,82395.0,43134.0,761.3795463415996,0.1285714285714285,66.90528254114398,667.4402990725862,0.07275727054047337,static_first
47,3126.0,84828.0,42381.0,543.3110671193774,0.0,67.48302451375302,644.8713478083664,0.05952867589675094,static_first
48,3938.0,86562.0,39835.0,463.04046507509696,0.1189083820662768,69.43645221928108,611.8111873114083,0.070324986109392,static_first
49,5781.0,87693.0,36861.0,904.7057625636494,0.1463687150837989,71.71826447232132,665.0647464481793,0.08415111865019326,static_first
50,7490.0,88289.0,34556.0,834.2205926134818,0.0,73.48678405646987,695.8203548418707,0.06885091525924902,static_first
51,8308.0,90887.0,31140.0,828.3708131934786,0.0,76.10772240764184,719.9204381785266,0.05633256703029465,static_first
52,8257.0,93867.0,28211.0,595.5796890874676,0.0,78.35500824797637,697.3130292528795,0.046090282115695616,static_first
53,7219.0,96825.0,26291.0,787.6003431628785,0.0,79.82813519008708,713.7289045092429,0.037710230821932776,static_first
54,9891.0,97578.0,22866.0,805.5855159396582,0.0,82.45597882380021,730.4301065875002,0.030853825217944997,static_first
55,10971.0,97578.0,21786.0,1248.1884668056362,0.0,83.28461272873749,824.5679902635248,0.02524403881468227,static_first
56,9290.0,102276.0,18769.0,795.1976388753834,0.0,85.59941688725208,819.2279263747719,0.020654213575649127,static_first
57,9964.0,103483.0,16888.0,947.1350211958484,0.0,87.04262093835116,842.4837617967858,0.016898902016440193,static_first
58,11885.0,105068.0,13382.0,1374.3796063348668,0.0,89.7326121149346,939.1920971673459,0.01382637437708743,static_first
59,10409.0,107758.0,12168.0,1185.3608652818446,0.0,90.66405800437335,983.9500550063456,0.011312488126707897,static_first
60,7141.0,113285.0,9909.0,613.8077783628751,0.0,92.39728392220047,916.6514592529873,0.009255672103670096,static_first
61,7038.0,115305.0,7992.0,737.0801984609461,0.0,93.86810910346415,884.0021391089797,0.007572822630275533,static_first
62,7638.0,115305.0,7392.0,733.7851128425774,0.0,94.32846127287375,856.6899525150884,0.006195945788407254,static_first
63,8438.0,115305.0,6592.0,730.2134481821248,0.0,94.94226416541987,833.6942244545496,0.0050694101905150255,static_first
64,9363.0,116782.0,4190.0,729.795396423485,0.160506863780359,96.78520735028964,814.8035284489015,0.03333076538866848,static_first
65,10814.0,118359.0,1162.0,662.1658460147017,0.0,99.10845129857675,787.0512225517742,0.02727062622709239,static_first
66,10187.0,120143.0,5.0,1018.2042887473784,0.0,99.99616373192158,829.0790527691568,0.022312330549439225,static_first
67,9613.0,120387.0,335.0,747.1499783314838,0.1308068459657701,99.74297003874631,814.1828574168525,0.0420386060796812,static_first
68,7830.0,122441.0,64.0,931.8950170427904,0.0,99.9508957685963,835.5850682579321,0.03439522315610279,static_first
69,7234.0,122929.0,172.0,827.8446427487056,0.0,99.86803237810258,834.1777181653454,0.028141546218629555,static_first
70,8916.0,120957.0,462.0,947.908485947108,0.0,99.6455288295546,854.8560395802112,0.023024901451606,static_first
71,10156.0,119894.0,285.0,1024.8694083772607,0.0723327305605786,99.78133271953044,885.7675611796748,0.031989961289601014,static_first
72,7577.0,122678.0,80.0,924.4467499848604,0.9968652037617556,99.93861971074539,892.8001409624358,0.2074218235572655,static_first
73,4526.0,125398.0,411.0,674.149067596748,0.0,99.68465876395443,853.0454003504925,0.16970876472867175,static_first
74,3511.0,126314.0,510.0,363.4737312983471,0.0,99.60870065600183,764.0323696137389,0.13885262568709505,static_first
75,5285.0,124299.0,751.0,594.1473662229928,0.0,99.42379253462232,733.1441871790578,0.11360669374398685,static_first
76,6405.0,122664.0,1266.0,1036.3136555616502,0.0,99.02865692254575,788.2659087031655,0.09295093124508015,static_first
77,6166.0,124060.0,109.0,610.9266678246058,0.0,99.9163693558906,756.0224103616091,0.07605076192779285,static_first
78,5760.0,123930.0,645.0,945.3016212476184,0.0,99.50512141788468,790.4368123408835,0.06222335066819415,static_first
79,2042.0,127556.0,737.0,612.6863528831785,0.0,99.43453408524188,758.1185469849371,0.05091001418306794,static_first
80,2159.0,127966.0,210.0,390.7652030217234,0.0,99.83887674070664,691.3270299007163,0.041653647967964676,static_first
81,3447.0,125735.0,1153.0,612.2522762240545,0.0,99.11535658111788,676.949801959505,0.03408025742833473,static_first
82,4703.0,125553.0,79.0,752.2751154512997,0.0,99.93938696436106,690.6453135034676,0.027883846986819324,static_first
83,4439.0,125534.0,362.0,459.930036049346,0.0,99.72225419112287,648.6970812390819,0.022814056625579445,static_first
84,5039.0,125052.0,244.0,332.03867643118645,0.0,99.81279011777343,591.1228258194644,0.018666046330019545,static_first
85,6012.0,123713.0,610.0,745.385447275327,0.0,99.53197529443358,619.1705751750758,0.015272219724561446,static_first
86,8136.0,121792.0,407.0,431.6024958278056,0.0,99.68772777841716,585.0672880210267,0.012495452501913909,static_first
87,8678.0,121287.0,370.0,669.622101490656,0.0,99.71611616219741,600.4408904700501,0.01022355204702047,static_first
88,10365.0,119790.0,180.0,1027.1643270471654,0.0,99.86189434917712,678.0269698477074,0.008364724402107657,static_first
89,9643.0,120666.0,26.0,1256.8716928601284,0.0,99.98005140599226,783.2714649408748,0.0068438654199062645,static_first
90,7845.0,121873.0,617.0,761.0523064240815,0.0,99.5266045191238,779.2316179378214,0.00559952625265058,static_first
91,7298.0,122048.0,989.0,946.6536588282808,0.0,99.24118617408985,809.6719890088141,0.004581430570350474,static_first
92,6571.0,123495.0,269.0,628.3829135317557,0.0,99.79360877738137,776.7103389220762,0.003748443193923115,static_first
93,5608.0,124583.0,144.0,802.2225307804823,0.2350299401197604,99.8895154793417,781.3489192599682,0.04579962445316625,static_first
94,7269.0,122031.0,1035.0,377.2008316756452,0.0,99.20589250776844,707.8674487900912,0.03747242000713602,static_first
95,7174.0,121949.0,1212.0,887.9663880389219,0.1042183622828784,99.0700886177926,740.6127104716968,0.04960804587545281,static_first
96,8715.0,120830.0,790.0,1013.4035981064068,0.0,99.3938696436107,790.2110536780076,0.040588401170825024,static_first
97,7987.0,121692.0,656.0,867.8912365339125,0.0,99.49668162811217,804.3347232881721,0.033208691867038655,static_first
98,8912.0,121418.0,5.0,1153.6349069325856,0.0,99.99616373192158,867.8438475871562,0.027170747891213442,static_first
99,11726.0,117748.0,861.0,1368.7938263400486,0.0,99.33939463689723,958.9256619058639,0.022230611910992813,static_first
100,12422.0,117836.0,77.0,1357.478546315674,0.1102756892230576,99.94092147159243,1031.3898227076475,0.03823880778591368,static_first
101,9680.0,120416.0,239.0,1088.993587843969,0.0,99.81662638585185,1041.8632345506148,0.031286297279383916,static_first
102,10352.0,119708.0,275.0,620.9909528404296,0.1701030927835051,99.78900525568727,965.3410015123992,0.056525714643769584,static_first
103,7693.0,122459.0,183.0,876.4924100179053,0.0,99.85959258833007,949.1867121497639,0.04624831198126602,static_first
104,6147.0,124186.0,2.0,754.4998417022124,0.0,99.99846549276864,913.7890993411182,0.037839527984672196,static_first
105,5113.0,125183.0,39.0,749.7998531133538,0.0,99.97007710898838,883.972872754252,0.030959613805640884,static_first
106,5095.0,124480.0,760.0,748.952528100632,0.0,99.41688725208118,859.4237191808664,0.025330593113706175,static_first
107,5606.0,124395.0,334.0,845.819164309799,0.0,99.74373729236198,856.9501637497632,0.02072503072939596,static_first
108,6854.0,122803.0,678.0,886.0947662625938,0.0,99.47980204856715,862.2491823884595,0.016956843324051236,static_first
109,7600.0,121921.0,814.0,762.992701203873,0.0,99.37545555683431,844.2025494458073,0.013873780901496465,static_first
110,6800.0,123110.0,425.0,655.4588685162574,0.2275862068965517,99.67391721333487,809.8855165495255,0.05273058562787015,static_first
111,7751.0,122556.0,28.0,1020.4931126231842,0.0,99.97851689876089,848.1778067447361,0.043143206422802845,static_first
112,8630.0,121262.0,443.0,1256.0735819588508,0.0,99.66010664825258,922.3406749654841,0.03529898707320232,static_first
113,8464.0,121590.0,281.0,1161.547892078889,0.0,99.78440173399316,965.8328962588305,0.028880989423529173,static_first
114,4826.0,125313.0,196.0,904.0580138023612,0.0,99.84961829132621,954.6010994485632,0.023629900437432957,static_first
115,5642.0,123474.0,1219.0,833.3643715266263,0.0,99.06471784248284,932.558058008211,0.019333554903354234,static_first
116,5116.0,124727.0,492.0,671.7126724863147,0.0,99.62251122108412,885.131624276957,0.015818363102744374,static_first
117,4898.0,124186.0,1251.0,753.6868192349599,0.0,99.04016572678098,861.2325688147757,0.012942297084063577,static_first
118,5975.0,124193.0,167.0,791.1941638287009,0.1715285880980163,99.871868646181,848.498313362762,0.04177616817750952,static_first
119,8834.0,120481.0,1020.0,852.6306811550601,0.1568519537699504,99.21740131200369,849.2496529613616,0.06269903828522605,static_first
120,10188.0,119647.0,500.0,788.2021832538522,0.0,99.61637319215868,838.1501130145417,0.051299213142457674,static_first
121,9373.0,120945.0,17.0,1151.4823957662024,0.0,99.9869566885334,895.1196189693891,0.041972083480192636,static_first
122,5279.0,124178.0,878.0,551.3485080910239,0.0,99.32635132543062,832.615780627868,0.03434079557470306,static_first
123,4582.0,125516.0,237.0,605.5894689234023,0.0,99.8181608930832,791.3382694088742,0.028097014561120685,static_first
124,5062.0,124843.0,430.0,601.6389856772948,0.0,99.67008094525646,756.8474905485871,0.02298846645909874,static_first
125,7976.0,122295.0,64.0,882.650592373518,0.1192660550458715,99.9508957685963,779.7207817894837,0.040493482565784694,static_first
126,7436.0,122894.0,5.0,782.5134346156982,0.0,99.99616373192158,780.2285368487953,0.033131031190187475,static_first
127,7923.0,121416.0,996.0,1164.2806553818702,0.0,99.23581539878008,850.0561947638998,0.027107207337426113,static_first
128,5192.0,124551.0,592.0,748.8003927548496,0.0,99.54578585951587,831.6460489440724,0.022178624185166817,static_first
129,7146.0,123034.0,155.0,743.3502829215597,0.1141781681304893,99.88107568956919,815.5922733036156,0.03890581399340727,static_first
130,6341.0,123017.0,977.0,742.6758100702344,0.0,99.25039321747803,802.3347345339098,0.03183202963096958,static_first
131,8873.0,121175.0,287.0,408.7899551995649,0.0920303605313093,99.77979821229907,730.7811382913015,0.04277718070375862,static_first
132,7805.0,122530.0,0.0,876.9845992477193,0.0,100.0,757.3635857379229,0.034999511484893414,static_first
133,6643.0,123192.0,500.0,773.4775918642135,0.0,99.61637319215868,760.2934050336121,0.028635963942185517,static_first
134,3451.0,126647.0,237.0,458.30175125036897,0.1655629139072847,99.8181608930832,705.3858316184769,0.053531773026749004,static_first
135,1385.0,128862.0,88.0,374.38196703165937,0.0,99.93248168181992,645.2033107845101,0.04379872338552191,static_first
136,1705.0,127838.0,792.0,312.6488452760526,0.0,99.39233513637933,584.7388625102451,0.03583531913360884,static_first
137,3924.0,125451.0,960.0,608.8565445007818,0.0,99.26343652894464,589.1238955994336,0.029319806563861774,static_first
138,4564.0,125451.0,320.0,603.9246207559524,0.0,99.75447884298154,591.8149365369825,0.02398893264315963,static_first
139,2938.0,126960.0,437.0,317.49964610524427,0.0,99.66471016994667,541.9394291857574,0.019627308526221514,static_first
140,3418.0,125877.0,1040.0,459.6053156204033,0.0,99.20205623969002,526.969590355693,0.01605870697599942,static_first
141,1625.0,128383.0,327.0,312.06901075374435,0.20042194092827,99.74910806767177,487.89675770079316,0.049579294967321344,static_first
142,1307.0,128935.0,93.0,315.4901403752052,0.0,99.9286454137415,456.5501000052317,0.04056487770053564,static_first
143,1627.0,128635.0,73.0,314.3092265240143,0.0,99.94399048605517,430.68812300864664,0.03318944539134734,static_first
144,1007.0,129269.0,59.0,160.22659822344974,0.0,99.95473203667473,381.51330032042904,0.027155000774738734,static_first
145,1167.0,129119.0,49.0,159.728868551614,0.0,99.96240457283156,341.18885818064444,0.022217727906604416,static_first
146,1327.0,128819.0,189.0,159.6231202358632,0.0,99.85498906663598,308.17690582704785,0.018178141014494522,static_first
147,1487.0,128819.0,29.0,159.06544280399098,0.0,99.9777496451452,281.0657307319466,0.014873024466404608,static_first
148,0.0,130327.0,8.0,0.0,0.0,99.99386197107454,229.96287059886538,0.012168838199785587,static_first
149,0.0,130327.0,8.0,0.0,0.0,99.99386197107454,188.15143958088984,0.009956322163460934,static_first
150,0.0,130327.0,8.0,0.0,0.0,99.99386197107454,153.94208692981894,0.0081460817701044,static_first
151,0.0,130327.0,8.0,0.0,0.0,99.99386197107454,125.95261657894277,0.006664975993721781,static_first
152,0.0,130327.0,8.0,0.0,0.0,99.99386197107454,103.0521408373168,0.005453162176681457,static_first
153,,,,0.0,0.0,99.99386197107454,84.31538795780465,0.004461678144557555,static_first
154,0.0,130327.0,8.0,0.0,0.0,99.99386197107454,68.98531742002197,0.0036504639364561813,static_first
155,0.0,130327.0,8.0,0.0,0.0,99.99386197107454,56.442532434563425,0.0029867432207368754,static_first
156,0.0,130327.0,8.0,0.0,0.0,99.99386197107454,46.18025381009735,0.002443698998784716,static_first
157,0.0,130327.0,8.0,0.0,0.0,99.99386197107454,37.78384402644328,0.0019993900899147677,static_first
158,0.0,130327.0,8.0,0.0,0.0,99.99386197107454,30.914054203453592,0.0016358646190211734,static_first
159,0.0,130327.0,8.0,0.0,0.0,99.99386197107454,25.293317075552938,0.001338434688290051,static_first
160,0.0,130327.0,8.0,0.0,0.0,99.99386197107454,20.69453215272513,0.0010950829267827688,static_first
161,0.0,130327.0,8.0,0.0,0.0,99.99386197107454,16.931889943138742,0.0008959769400949927,static_first
162,0.0,130327.0,8.0,0.0,0.0,99.99386197107454,13.853364498931697,0.0007330720418959031,static_first
163,0.0,130327.0,8.0,0.0,0.0,99.99386197107454,11.334570953671388,0.0005997862160966479,static_first
164,0.0,130327.0,8.0,0.0,0.0,99.99386197107454,9.27373987118568,0.0004907341768063483,static_first
165,0.0,130327.0,8.0,0.0,0.0,99.99386197107454,7.58760534915192,0.00040150978102337584,static_first
166,0.0,130327.0,8.0,0.0,0.0,99.99386197107454,6.208040740215207,0.0003285080026554893,static_first
167,0.0,130327.0,8.0,0.0,0.0,99.99386197107454,5.079306060176078,0.00026877927489994577,static_first
168,0.0,130327.0,8.0,0.0,0.0,99.99386197107454,4.155795867416791,0.00021991031582722833,static_first
169,0.0,130327.0,8.0,0.0,0.0,99.99386197107454,3.4001966187955563,0.00017992662204045952,static_first
170,0.0,130327.0,8.0,0.0,0.0,99.99386197107454,2.7819790517418186,0.00014721269076037595,static_first
171,0.0,130327.0,8.0,0.0,0.0,99.99386197107454,2.2761646786978513,0.00012044674698576214,static_first
172,0.0,130327.0,8.0,0.0,0.0,99.99386197107454,1.862316555298242,9.854733844289628e-05,static_first
173,0.0,130327.0,8.0,0.0,0.0,99.99386197107454,1.523713545244016,8.062964054418786e-05,static_first
174,0.0,130327.0,8.0,0.0,0.0,99.99386197107454,1.246674718836013,6.596970589979006e-05,static_first
175,0.0,130327.0,8.0,0.0,0.0,99.99386197107454,1.020006588138556,5.397521391801004e-05,static_first
176,0.0,130327.0,8.0,0.0,0.0,99.99386197107454,0.8345508448406367,4.4161538660190027e-05,static_first
177,0.0,130327.0,8.0,0.0,0.0,99.99386197107454,0.6828143275968845,3.6132167994700927e-05,static_first
178,0.0,130327.0,8.0,0.0,0.0,99.99386197107454,0.5586662680338146,2.95626829047553e-05,static_first
179,0.0,130327.0,8.0,0.0,0.0,99.99386197107454,0.45709058293675736,2.4187649649345245e-05,static_first
180,0.0,130327.0,8.0,0.0,0.0,99.99386197107454,0.37398320422098325,1.9789895167646107e-05,static_first
181,0.0,130327.0,8.0,0.0,0.0,99.99386197107454,0.30598625799898627,1.6191732409892268e-05,static_first
182,0.0,130327.0,8.0,0.0,0.0,99.99386197107454,0.25035239290826145,1.3247781062639127e-05,static_first
183,0.0,130327.0,8.0,0.0,0.0,99.99386197107454,0.20483377601585026,1.083909359670474e-05,static_first
184,,,,0.0,0.0,99.99386197107454,0.16759127128569565,8.868349306394787e-06,static_first
185,,,,0.0,0.0,99.99386197107454,0.1371201310519328,7.255922159777552e-06,static_first
186,,,,0.0,0.0,99.99386197107454,0.11218919813339956,5.936663585272543e-06,static_first
187,,,,0.0,0.0,99.99386197107454,0.09179116210914509,4.85727020613208e-06,static_first
188,,,,0.0,0.0,99.99386197107454,0.07510185990748235,3.97413016865352e-06,static_first
189,,,,0.0,0.0,99.99386197107454,0.061446976287940096,3.2515610470801524e-06,static_first
190,,,,0.0,0.0,99.99386197107454,0.05027479878104189,2.660368129429215e-06,static_first
191,,,,0.0,0.0,99.99386197107454,0.04113392627539791,2.1766648331693575e-06,static_first
192,,,,0.0,0.0,99.99386197107454,0.03365503058896192,1.7809075907749288e-06,static_first
193,,,,0.0,0.0,99.99386197107454,0.02753593411824157,1.4571062106340326e-06,static_first
194,,,,0.0,0.0,99.99386197107454,0.022529400642197647,1.192177808700572e-06,static_first
195,,,,0.0,0.0,99.99386197107454,0.01843314597997989,9.754182071186497e-07,static_first
196,,,,0.0,0.0,99.99386197107454,0.015081664892710818,7.980694421879861e-07,static_first
197,,,,0.0,0.0,99.99386197107454,0.012339544003127033,6.529659072447158e-07,static_first
198,,,,0.0,0.0,99.99386197107454,0.010095990548013026,5.34244833200222e-07,static_first
199,,,,0.0,0.0,99.99386197107454,0.008260355902919748,4.3710940898199976e-07,static_first
200,,,,0.0,0.0,99.99386197107454,0.006758473011479794,3.576349709852725e-07,static_first
201,,,,0.0,0.0,99.99386197107454,0.005529659736665285,2.9261043080613205e-07,static_first
202,,,,0.0,0.0,99.99386197107454,0.0045242670572715965,2.394085342959262e-07,static_first
203,,,,0.0,0.0,99.99386197107454,0.0037016730468585786,1.9587970987848504e-07,static_first
204,,,,0.0,0.0,99.99386197107454,0.0030286415837933824,1.6026521717330594e-07,static_first
205,,,,0.0,0.0,99.99386197107454,0.0024779794776491307,1.311260867781594e-07,static_first
206,,,,0.0,0.0,99.99386197107454,0.002027437754440198,1.0728498009122132e-07,static_first
207,,,,0.0,0.0,99.99386197107454,0.0016588127081783436,8.777862007463563e-08,static_first
208,,,,0.0,0.0,99.99386197107454,0.001357210397600463,7.181887097015642e-08,static_first
209,,,,0.0,0.0,99.99386197107454,0.001110444870764015,5.8760894430127975e-08,static_first
210,,,,0.0,0.0,99.99386197107454,0.0009085458033523759,4.8077095442831976e-08,static_first
211,,,,0.0,0.0,99.99386197107454,0.0007433556572883075,3.933580536231707e-08,static_first
212,,,,0.0,0.0,99.99386197107454,0.0006082000832358878,3.218384075098669e-08,static_first
213,,,,0.0,0.0,99.99386197107454,0.0004976182499202718,2.6332233341716383e-08,static_first
214,,,,0.0,0.0,99.99386197107454,0.00040714220448022235,2.1544554552313404e-08,static_first
215,,,,0.0,0.0,99.99386197107454,0.0003331163491201819,1.7627362815529147e-08,static_first
216,,,,0.0,0.0,99.99386197107454,0.0002725497401892397,1.442238775816021e-08,static_first
217,,,,0.0,0.0,99.99386197107454,0.00022299524197301427,1.1800135438494716e-08,static_first
218,,,,0.0,0.0,99.99386197107454,0.0001824506525233753,9.654656267859312e-09,static_first
219,,,,0.0,0.0,99.99386197107454,0.00014927780661003434,7.899264219157619e-09,static_first
0,7.0,0.0,133754.0,0.0,0.0,0.005233214464604781,0.0,0.0,fixed_semantic_prompt
1,0.0,1546.0,132215.0,0.0,0.0,1.1557927946112843,0.0,0.0,fixed_semantic_prompt
2,0.0,1546.0,132215.0,0.0,0.0,1.1557927946112843,0.0,0.0,fixed_semantic_prompt
3,0.0,1546.0,132215.0,0.0,0.0,1.1557927946112843,0.0,0.0,fixed_semantic_prompt
4,1335.0,1543.0,130883.0,473.7302764320719,0.0,2.151598747018937,86.13277753310398,0.0,fixed_semantic_prompt
5,3616.0,2014.0,128131.0,922.1462540631952,0.0982905982905982,4.2089996336749875,238.13522781130237,0.017871017871017855,fixed_semantic_prompt
6,5552.0,2426.0,125783.0,834.3384311637399,0.0,5.964369285516705,346.53581023901825,0.014621741894469152,fixed_semantic_prompt
7,4145.0,5546.0,124070.0,738.6598627523637,0.0,7.245011625212132,417.8310925141719,0.011963243368202033,fixed_semantic_prompt
8,2941.0,8044.0,122776.0,617.8111971765455,0.0,8.212408699097644,454.1911115436944,0.009788108210347117,fixed_semantic_prompt
9,4388.0,9665.0,119708.0,741.192379270163,0.0,10.50605183872728,506.3731602212341,0.008008452172102186,fixed_semantic_prompt
10,5498.0,11252.0,117011.0,1196.6123500516103,0.0,12.522334611732866,631.8711947358479,0.0065523699589926975,fixed_semantic_prompt
11,8921.0,11252.0,113588.0,534.5155511800709,0.0,15.081376484924606,614.1701686347975,0.00536102996644857,fixed_semantic_prompt
12,4068.0,17976.0,111717.0,558.6508656081234,0.0,16.480139951106825,604.0757499026748,0.004386297245276102,fixed_semantic_prompt
13,4428.0,17976.0,111357.0,457.7549146999863,0.0,16.749276695000784,577.4719616840042,0.0035887886552259016,fixed_semantic_prompt
14,3773.0,21277.0,108711.0,612.5687170969715,0.0,18.72743176262139,583.8531899409073,0.00293628162700301,fixed_semantic_prompt
15,7129.0,22376.0,104256.0,324.7943587544608,0.1216666666666666,22.057998968309146,536.7515842706443,0.0245236243614873,fixed_semantic_prompt
16,8810.0,22376.0,102575.0,901.3191297091366,0.0,23.314718041880667,603.0365925321884,0.020064783568489605,fixed_semantic_prompt
17,11159.0,25546.0,97056.0,1388.0010886923756,0.0,27.440733846188355,745.7574100158587,0.016416641101491495,fixed_semantic_prompt
18,8345.0,30164.0,95252.0,853.7742096229505,0.0,28.78940797392364,765.3968281262389,0.013431797264856677,fixed_semantic_prompt
19,7242.0,34302.0,92217.0,877.3312207197536,0.0,31.058380245362997,785.7485358705143,0.010989652307610008,fixed_semantic_prompt
20,7906.0,35936.0,89919.0,1023.1515517513628,0.0,32.77636979388611,828.912720576123,0.008991533706226369,fixed_semantic_prompt
21,6676.0,39863.0,87222.0,659.0274449419603,0.0,34.7926525668917,798.0244886426387,0.007356709396003392,fixed_semantic_prompt
22,6460.0,43512.0,83789.0,672.7586582777236,0.0,37.35917046074715,775.248883121745,0.0060191258694573205,fixed_semantic_prompt
23,7740.0,43512.0,82509.0,1172.25512862412,0.0,38.31610110570345,847.4318368494496,0.004924739347737807,fixed_semantic_prompt
24,8034.0,44857.0,80870.0,1169.419850702037,0.0,39.541420892487345,905.9751120953745,0.00402933219360366,fixed_semantic_prompt
25,9554.0,45797.0,78410.0,905.0652622753196,0.0,41.38052197576274,905.8096848553645,0.003296726340221176,fixed_semantic_prompt
26,8002.0,49973.0,75786.0,725.1332722543882,0.0,43.34222979792316,872.9594280188232,0.002697321551090053,fixed_semantic_prompt
27,8199.0,52113.0,73449.0,852.4615131026648,0.1317365269461078,45.089375827034786,869.2325343977034,0.026158995259275095,fixed_semantic_prompt
28,8686.0,53196.0,71879.0,1162.1282170255836,0.0,46.263111071239,922.4862948754998,0.02140281430304326,fixed_semantic_prompt
29,9567.0,54251.0,69943.0,1152.287932325538,0.0889987639060568,47.710468671735406,964.2684107755066,0.03369298695813663,fixed_semantic_prompt
30,6209.0,59196.0,68356.0,983.6652059413558,0.0,48.89691315106795,967.7951008056609,0.02756698932938451,fixed_semantic_prompt
31,5185.0,62220.0,66356.0,657.1690406348054,0.1362862010221465,50.392117283812176,911.3176353200508,0.0473341187280685,fixed_semantic_prompt
32,5436.0,62804.0,65521.0,749.0484089011968,0.0,51.01636500923289,881.814139607532,0.038727915322965135,fixed_semantic_prompt
33,6036.0,62804.0,64921.0,747.1364529191992,0.0,51.464926249056155,857.3272874823806,0.03168647617333511,fixed_semantic_prompt
34,4189.0,66899.0,62673.0,858.7205277494514,0.073512252042007,53.14553569426066,857.5806038945752,0.03929116269491181,fixed_semantic_prompt
35,4170.0,68428.0,61163.0,1169.740724470484,0.0,54.274414814482554,914.3369894538314,0.03214731493220057,fixed_semantic_prompt
36,4022.0,70006.0,59733.0,762.0242356935096,0.0,55.34348576939466,886.6437614974092,0.026302348580891373,fixed_semantic_prompt
37,3811.0,71003.0,58947.0,520.7426058886354,0.0,55.93110099356314,820.1162786594502,0.021520103384365667,fixed_semantic_prompt
38,4312.0,71660.0,57789.0,759.801821498542,0.0,56.79682418642204,809.1500137211033,0.017607357314480997,fixed_semantic_prompt
39,1623.0,75484.0,56654.0,576.2334492616952,0.0,57.6453525317544,766.8015474557562,0.014406019620938997,fixed_semantic_prompt
40,3829.0,76362.0,53570.0,350.1514588195718,0.0,59.950957304445986,691.0469858855408,0.011786743326222815,fixed_semantic_prompt
41,4300.0,76941.0,52520.0,911.8170486506808,0.0,60.7359394741367,731.1869972973844,0.009643699085091393,fixed_semantic_prompt
42,3823.0,79365.0,50573.0,916.2333366551692,0.0,62.19152069736321,764.8317862715271,0.007890299251438412,fixed_semantic_prompt
43,1695.0,81970.0,50096.0,365.7826978438077,0.0,62.548126883022704,692.2774065573963,0.006455699387540518,fixed_semantic_prompt
44,2367.0,83675.0,47719.0,228.7605993990552,0.0,64.32517699478922,608.0016234376978,0.005281935862533151,fixed_semantic_prompt
45,7397.0,83537.0,42827.0,381.7653218729227,0.1434511434511434,67.98244630348158,566.8677504259206,0.0304036099695532,fixed_semantic_prompt
46,8666.0,83537.0,41558.0,1278.4821360058654,0.0,68.9311533257078,696.2521841677287,0.02487568088417989,fixed_semantic_prompt
47,8465.0,86521.0,38775.0,1105.424635754316,0.0,71.01172987642138,770.64717536529,0.020352829814329,fixed_semantic_prompt
48,5176.0,91835.0,36750.0,1048.4331363350277,0.0,72.5256240608249,821.1537137234241,0.016652315302632816,fixed_semantic_prompt
49,4553.0,93988.0,35220.0,696.3175425022034,0.0,73.66945522237424,798.4562280468385,0.01362462161124503,fixed_semantic_prompt
50,6189.0,94703.0,32869.0,1041.7433789749648,0.0,75.42706768041508,842.690255488316,0.011147417681927752,fixed_semantic_prompt
51,6643.0,97033.0,30085.0,678.5340404368443,0.0,77.50839183319502,812.843670933503,0.009120614467031796,fixed_semantic_prompt
52,6309.0,99465.0,27987.0,532.7868557957578,0.0,79.07686096844373,761.9242499993674,0.007462320927571469,fixed_semantic_prompt
53,6081.0,101250.0,26430.0,635.328240793728,0.0,80.2408773857851,738.9067937801601,0.006105535304376656,fixed_semantic_prompt
54,6486.0,102563.0,24712.0,887.4920520011848,0.0813953488372093,81.52525773581239,765.9222952748919,0.019794592310346228,fixed_semantic_prompt
55,8210.0,102493.0,23058.0,637.0453149975691,0.0,82.76179155359186,742.4901170426514,0.016195575526646914,fixed_semantic_prompt
56,8437.0,103725.0,21599.0,1014.8839104733288,0.0,83.85254296842876,792.0162613027745,0.01325092543089293,fixed_semantic_prompt
57,8789.0,105572.0,19400.0,1066.3955446280288,0.0,85.49651991238105,841.9034037255481,0.010841666261639668,fixed_semantic_prompt
58,8535.0,108503.0,16723.0,1014.0306642570612,0.066465256797583,87.49785064405918,873.1992692767321,0.02095504635908391,fixed_semantic_prompt
59,8309.0,111204.0,14248.0,713.2428410681986,0.0893081761006289,89.34816575833015,844.116282329726,0.03338288813027391,fixed_semantic_prompt
60,5408.0,115883.0,12470.0,821.4625239390133,0.0822942643391521,90.67740223233976,839.9974171677782,0.04227586562279721,fixed_semantic_prompt
61,5437.0,117343.0,10981.0,747.6769313249135,0.0895705521472392,91.79058170916784,823.2118742872573,0.05087489953633212,fixed_semantic_prompt
62,6227.0,117343.0,10191.0,745.2658653437061,0.0,92.38118734160182,809.039872661157,0.041624917802453545,fixed_semantic_prompt
63,7504.0,117270.0,8987.0,688.4246318371108,0.0,93.28130022951383,787.1098288749668,0.03405675092928017,fixed_semantic_prompt
64,5699.0,122152.0,5910.0,956.3468989595704,0.0,95.58167178774082,817.8802052539857,0.027864614396683772,fixed_semantic_prompt
65,5751.0,123548.0,4462.0,898.0296869453935,0.0,96.66419957984765,832.452838288787,0.022798320870013995,fixed_semantic_prompt
66,3739.0,127732.0,2290.0,595.0322539448724,0.0,98.28799126800787,789.2854593171661,0.01865317162092054,fixed_semantic_prompt
67,4619.0,127652.0,1490.0,732.9732038086081,0.0,98.88607292110555,779.0468674065191,0.015261685871662259,fixed_semantic_prompt
68,6441.0,127248.0,72.0,1087.1347548188287,0.0,99.9461726512212,835.0628469360299,0.012486833894996392,fixed_semantic_prompt
69,7983.0,125721.0,57.0,1235.6917868056382,0.0,99.9573866822168,907.9044723668677,0.010216500459542501,fixed_semantic_prompt
70,10520.0,122752.0,489.0,984.1588512331372,0.9968652037617556,99.63442258954403,921.7689048880075,0.18960717378721761,fixed_semantic_prompt
71,,,,0.0,0.0,99.63442258954403,754.1745585447334,0.15513314218954166,fixed_semantic_prompt
72,10489.0,123014.0,258.0,1190.2793240117994,0.0,99.807118666876,833.4663340841998,0.1269271163368977,fixed_semantic_prompt
73,5980.0,127476.0,305.0,804.1541206532185,0.1875,99.7719813697565,828.1368407331123,0.1379403679120072,fixed_semantic_prompt
74,4099.0,129336.0,326.0,457.5388574596432,0.0,99.7562817263627,760.7553892288452,0.11286030101891498,fixed_semantic_prompt
75,3412.0,130201.0,148.0,666.349244438968,0.0,99.88935489417693,743.5906356306856,0.09234024628820316,fixed_semantic_prompt
76,4390.0,128995.0,376.0,457.325355221637,0.1886792452830188,99.71890162304409,691.5424028290403,0.10985642792362418,fixed_semantic_prompt
77,5731.0,127536.0,494.0,572.7346711881002,0.0,99.63068457921219,669.940997076142,0.0898825319375107,fixed_semantic_prompt
78,5876.0,126676.0,1209.0,784.0338267421671,0.0,99.09614910175611,690.6851479245103,0.07354025340341784,fixed_semantic_prompt
79,5090.0,128612.0,59.0,621.3662266227616,0.0,99.95589147808404,678.0817076878286,0.06016929823916005,fixed_semantic_prompt
80,4658.0,128955.0,148.0,825.0277106183095,0.0,99.88935489417693,704.7991627660979,0.049229425832040034,fixed_semantic_prompt
81,5002.0,128406.0,353.0,839.5610963497087,0.0,99.73609647057064,729.3013325085726,0.04027862113530548,fixed_semantic_prompt
82,5801.0,127424.0,536.0,748.4188109011532,0.0,99.59928529242454,732.7772376708599,0.032955235474340844,fixed_semantic_prompt
83,7733.0,125562.0,466.0,558.4491669897942,0.0,99.6516174370706,701.081224819757,0.026963374479006142,fixed_semantic_prompt
84,9150.0,123965.0,646.0,635.7312027217339,0.0,99.51704906512362,689.1994026201164,0.02206094275555048,fixed_semantic_prompt
85,9118.0,123786.0,857.0,926.4003182765136,0.0529363110008271,99.3593050291191,732.3268418303703,0.027674646072873503,fixed_semantic_prompt
86,7599.0,125520.0,642.0,1022.9267326460622,0.0,99.5200394733891,785.1631856150416,0.022642892241441955,fixed_semantic_prompt
87,7851.0,125569.0,341.0,877.099014888719,0.0,99.74506769536711,801.8787909375283,0.01852600274299796,fixed_semantic_prompt
88,9020.0,123904.0,837.0,797.9616421403381,0.0,99.37425707044655,801.1665820653118,0.015157638607907422,fixed_semantic_prompt
89,9102.0,124350.0,309.0,1155.5154042559668,0.0,99.76899096149103,865.5936406454309,0.012401704315560617,fixed_semantic_prompt
90,10607.0,122448.0,706.0,949.1909179896564,0.0,99.47219294114129,880.7931456171082,0.010146848985458685,fixed_semantic_prompt
91,11661.0,122037.0,63.0,1238.6389881581767,0.0,99.95290106981855,945.8560260791206,0.008301967351738923,fixed_semantic_prompt
92,10885.0,122793.0,83.0,852.0083071071651,0.0,99.93794902849112,928.7928044478559,0.006792518742331845,fixed_semantic_prompt
93,10421.0,122623.0,717.0,1152.0784414982472,0.0,99.46396931841119,969.3901930024725,0.005557515334635146,fixed_semantic_prompt
94,8587.0,125159.0,15.0,1053.78118198399,0.0,99.98878596900443,984.7340091809302,0.004547058001065119,fixed_semantic_prompt
95,10384.0,123338.0,39.0,657.843104675824,0.0,99.97084351941149,925.2992992709109,0.0037203201826896425,fixed_semantic_prompt
96,8356.0,125221.0,184.0,684.0419056317024,0.0,99.86244121978754,881.4343186092366,0.0030438983312915256,fixed_semantic_prompt
97,8180.0,125502.0,79.0,872.6190045079167,0.0,99.94093943675661,879.8315342271783,0.0024904622710567024,fixed_semantic_prompt
98,7105.0,126369.0,287.0,735.9213174123619,0.0,99.7854382069512,853.666040260848,0.002037650949046393,fixed_semantic_prompt
99,9545.0,123935.0,281.0,1015.415633988537,0.0807962529274004,99.78992381934944,883.075057302246,0.016357396763292578,fixed_semantic_prompt
100,8800.0,124785.0,176.0,1138.9720198068935,0.3247422680412371,99.8684220363185,929.6017777576365,0.0724273733592825,fixed_semantic_prompt
101,8584.0,124874.0,303.0,622.3163465730037,0.0,99.77347657388925,873.7316993604304,0.05925876002123113,fixed_semantic_prompt
102,9744.0,123764.0,253.0,1149.0107850179045,0.0,99.81085667720787,923.7824422072438,0.04848444001737092,fixed_semantic_prompt
103,8577.0,124484.0,700.0,1015.1407628444754,0.0,99.47667855353953,940.3930459594676,0.03966908728693984,fixed_semantic_prompt
104,7570.0,125256.0,935.0,469.7592295338801,0.0,99.30099206794208,854.8232611548153,0.03245652596204168,fixed_semantic_prompt
105,7779.0,125738.0,244.0,814.2030371480317,0.0,99.8175850958052,847.4377658808546,0.026555339423488648,fixed_semantic_prompt
106,7688.0,125620.0,453.0,452.9452355358381,0.0,99.66133626393344,775.7118512726698,0.021727095891945256,fixed_semantic_prompt
107,5811.0,127501.0,449.0,486.2737630953326,0.0,99.66432667219892,723.0867443313358,0.01777671482068248,fixed_semantic_prompt
108,7455.0,126215.0,91.0,1027.0555896818269,0.0,99.93196821196014,778.3538071223342,0.014544584853285664,fixed_semantic_prompt
109,7545.0,125769.0,447.0,1018.2575765454988,0.0525451559934318,99.66582187633166,821.9726742901822,0.021453779606039506,fixed_semantic_prompt
110,6553.0,126645.0,563.0,597.2821667984895,0.1348747591522158,99.57910003663251,781.119854746238,0.042075775887162464,fixed_semantic_prompt
111,7296.0,126222.0,243.0,752.3070845580808,0.0,99.81833269787158,775.8811692574822,0.03442563481676929,fixed_semantic_prompt
112,8416.0,125207.0,138.0,1016.9436837000897,0.0,99.89683091484065,819.7107173379562,0.028166428486447598,fixed_semantic_prompt
113,4425.0,128710.0,626.0,379.802520990794,0.0,99.53200110645106,739.7274089111994,0.023045259670729852,fixed_semantic_prompt
114,6277.0,127199.0,285.0,744.1384742583284,0.0,99.78693341108395,740.5294207924956,0.018855212457869877,fixed_semantic_prompt
115,7237.0,126217.0,307.0,578.6117912835473,0.2554744525547445,99.77048616562377,711.0898517908686,0.06187689247548344,fixed_semantic_prompt
116,7445.0,125720.0,596.0,495.1653782435148,0.0,99.55442916844223,671.8308566004406,0.050626548389031904,fixed_semantic_prompt
117,9364.0,123975.0,422.0,1266.34571345583,0.0,99.68451192799097,779.9244669377841,0.04142172140920792,fixed_semantic_prompt
118,8086.0,125507.0,168.0,1018.2461750437966,0.0,99.87440285284949,823.2556865934228,0.03389049933480648,fixed_semantic_prompt
119,7450.0,124910.0,1401.0,297.28815148233247,0.0,98.95260950501267,727.6252256641336,0.02772859036484166,fixed_semantic_prompt
120,5610.0,127651.0,500.0,642.173402832775,0.4428571428571428,99.62619896681394,712.0885306038865,0.10320650899980549,fixed_semantic_prompt
121,6998.0,126018.0,745.0,1031.6480552987432,0.0,99.44303646055278,770.1902623665877,0.08444168918165904,fixed_semantic_prompt
122,8120.0,124548.0,1093.0,483.7223787663984,0.0,99.18287094145528,718.1051926210987,0.06908865478499375,fixed_semantic_prompt
123,10008.0,123220.0,533.0,838.5097104712685,0.0,99.60152809862366,739.9969231393113,0.05652708118772216,fixed_semantic_prompt
124,7997.0,125297.0,467.0,1161.850316630521,0.0911602209944751,99.65086983500422,816.6975401377131,0.06282401569804087,fixed_semantic_prompt
125,6830.0,126491.0,440.0,897.9373879333717,0.0,99.67105509079627,831.4684215551056,0.05140146738930616,fixed_semantic_prompt
126,6598.0,126734.0,429.0,740.907661749262,0.0,99.67927871352636,815.002828863134,0.04205574604579595,fixed_semantic_prompt
127,9403.0,123879.0,479.0,603.8244140201984,0.0,99.64189861020776,776.6067534371457,0.034409246764742135,fixed_semantic_prompt
128,10809.0,122717.0,235.0,929.1769286095176,0.0,99.82431351440255,804.3467852866679,0.028153020080243563,fixed_semantic_prompt
129,9655.0,123915.0,191.0,862.5105698096054,0.0,99.85720800532293,814.9220188362929,0.023034289156562915,fixed_semantic_prompt
130,7489.0,126222.0,50.0,659.8528082002409,0.0,99.96261989668139,786.7276169024651,0.018846236582642385,fixed_semantic_prompt
131,8420.0,123775.0,1566.0,875.7561949486035,0.1282051282051282,98.82925516406127,802.914631092672,0.03872967142309435,fixed_semantic_prompt
132,6780.0,126573.0,408.0,724.3294930370224,0.0,99.69497835692019,788.626424173463,0.03168791298253174,fixed_semantic_prompt
133,7205.0,126383.0,173.0,1028.2889563361473,0.0,99.87066484251763,832.2014300212237,0.02592647425843506,fixed_semantic_prompt
134,6872.0,126444.0,445.0,677.3904298381469,0.0,99.66731708046441,804.0539754424824,0.021212569847810503,fixed_semantic_prompt
135,9283.0,124464.0,14.0,1009.174724590403,0.0,99.9895335710708,841.3486571057406,0.01735573896639041,fixed_semantic_prompt
136,8658.0,124826.0,277.0,639.5432263465551,0.0,99.79291422761493,804.6567606040704,0.014200150063410336,fixed_semantic_prompt
137,6140.0,127082.0,539.0,866.5433296283891,0.0806257521058965,99.59704248622543,815.9088640630373,0.026277532252953276,fixed_semantic_prompt
138,4665.0,128973.0,123.0,605.5242491948619,0.0,99.90804494583622,777.6571159051871,0.021499799116052678,fixed_semantic_prompt
139,3828.0,129308.0,625.0,543.7004073022609,0.0,99.53274870851743,735.1195325228368,0.017590744731315826,fixed_semantic_prompt
140,4308.0,129308.0,145.0,456.03651949570735,0.0,99.89159770037604,684.3771665179042,0.01439242750744022,fixed_semantic_prompt
141,4788.0,128707.0,266.0,453.9728297260056,0.0,99.80113785034503,642.4854689193771,0.011775622506087451,fixed_semantic_prompt
142,5782.0,127527.0,452.0,597.2718280326578,0.0,99.6620838659998,634.2648069399736,0.009634600232253368,fixed_semantic_prompt
143,4567.0,128967.0,227.0,546.0652796881941,0.0,99.83029433093353,618.2285292578318,0.007882854735480027,fixed_semantic_prompt
144,4127.0,129071.0,563.0,337.0196333136992,0.0,99.57910003663251,567.0996390861714,0.006449608419938204,fixed_semantic_prompt
145,3992.0,129353.0,416.0,457.8790831015976,0.0,99.6889975403892,547.2413561798852,0.005276952343585803,fixed_semantic_prompt
146,3846.0,129675.0,240.0,376.03849706454525,0.0,99.8205755040707,516.1135636134597,0.004317506462933838,fixed_semantic_prompt
147,4206.0,129340.0,215.0,457.83069150909074,0.0,99.83926555573,505.5166777763017,0.0035325052878549586,fixed_semantic_prompt
148,4686.0,129028.0,47.0,455.3704806385333,0.0,99.96486270288051,496.3991873876165,0.0028902315991540567,fixed_semantic_prompt
149,2905.0,129883.0,973.0,309.07381773019546,0.0,99.27258318941993,462.3400292680854,0.00236473494476241,fixed_semantic_prompt
150,3225.0,129883.0,653.0,308.21462716647426,0.0,99.51181585065902,434.31722888597426,0.00193478313662379,fixed_semantic_prompt
151,1267.0,132136.0,358.0,220.63954412763863,0.0,99.73235846023879,395.46674074809505,0.0015830043845103735,fixed_semantic_prompt
152,1427.0,132136.0,198.0,159.68801305784405,0.0,99.85197479085832,352.59788116804935,0.0012951854055084874,fixed_semantic_prompt
153,0.0,133638.0,123.0,0.0,0.0,99.90804494583622,288.4891755011313,0.0010596971499614897,fixed_semantic_prompt
154,0.0,133638.0,123.0,0.0,0.0,99.90804494583622,236.03659813728922,0.0008670249408775824,fixed_semantic_prompt
155,0.0,133638.0,123.0,0.0,0.0,99.90804494583622,193.12085302141844,0.0007093840425362038,fixed_semantic_prompt
156,0.0,133638.0,123.0,0.0,0.0,99.90804494583622,158.0079706538878,0.0005804051257114394,fixed_semantic_prompt
157,0.0,133638.0,123.0,0.0,0.0,99.90804494583622,129.27924871681728,0.0004748769210366322,fixed_semantic_prompt
158,0.0,133638.0,123.0,0.0,0.0,99.90804494583622,105.77393076830504,0.0003885356626663354,fixed_semantic_prompt
159,0.0,133638.0,123.0,0.0,0.0,99.90804494583622,86.54230699224956,0.00031789281490881985,fixed_semantic_prompt
160,0.0,133638.0,123.0,0.0,0.0,99.90804494583622,70.80734208456782,0.0002600941212890344,fixed_semantic_prompt
161,0.0,133638.0,123.0,0.0,0.0,99.90804494583622,57.933279887373665,0.00021280428105466452,fixed_semantic_prompt
162,0.0,133638.0,123.0,0.0,0.0,99.90804494583622,47.39995627148754,0.00017411259359018005,fixed_semantic_prompt
163,0.0,133638.0,123.0,0.0,0.0,99.90804494583622,38.78178240394435,0.00014245575839196548,fixed_semantic_prompt
164,0.0,133638.0,123.0,0.0,0.0,99.90804494583622,31.73054923959083,0.00011655471141160811,fixed_semantic_prompt
165,0.0,133638.0,123.0,0.0,0.0,99.90804494583622,25.96135846875613,9.536294570040663e-05,fixed_semantic_prompt
166,0.0,133638.0,123.0,0.0,0.0,99.90804494583622,21.241111474436835,7.80242283003327e-05,fixed_semantic_prompt
167,0.0,133638.0,123.0,0.0,0.0,99.90804494583622,17.37909120635741,6.383800497299948e-05,fixed_semantic_prompt
168,0.0,133638.0,123.0,0.0,0.0,99.90804494583622,14.21925644156515,5.223109497790866e-05,fixed_semantic_prompt
169,0.0,133638.0,123.0,0.0,0.0,99.90804494583622,11.633937088553305,4.273453225465254e-05,fixed_semantic_prompt
170,0.0,133638.0,123.0,0.0,0.0,99.90804494583622,9.51867579972543,3.4964617299261166e-05,fixed_semantic_prompt
171,0.0,133638.0,123.0,0.0,0.0,99.90804494583622,7.788007472502625,2.8607414153940952e-05,fixed_semantic_prompt
172,0.0,133638.0,123.0,0.0,0.0,99.90804494583622,6.372006113865783,2.3406066125951685e-05,fixed_semantic_prompt
173,0.0,133638.0,123.0,0.0,0.0,99.90804494583622,5.213459547708368,1.9150417739415015e-05,fixed_semantic_prompt
174,0.0,133638.0,123.0,0.0,0.0,99.90804494583622,4.265557811761392,1.566852360497592e-05,fixed_semantic_prompt
175,0.0,133638.0,123.0,0.0,0.0,99.90804494583622,3.490001845986593,1.2819701131343932e-05,fixed_semantic_prompt
176,0.0,133638.0,123.0,0.0,0.0,99.90804494583622,2.8554560558072124,1.0488846380190489e-05,fixed_semantic_prompt
177,0.0,133638.0,123.0,0.0,0.0,99.90804494583622,2.336282227478628,8.581783401974035e-06,fixed_semantic_prompt
178,0.0,133638.0,123.0,0.0,0.0,99.90804494583622,1.911503640664332,7.021459147069665e-06,fixed_semantic_prompt
179,0.0,133638.0,123.0,0.0,0.0,99.90804494583622,1.563957524179908,5.744830211238816e-06,fixed_semantic_prompt
180,0.0,133638.0,123.0,0.0,0.0,99.90804494583622,1.2796016106926518,4.700315627377212e-06,fixed_semantic_prompt
181,0.0,133638.0,123.0,0.0,0.0,99.90804494583622,1.0469467723848969,3.8457127860359005e-06,fixed_semantic_prompt
182,0.0,133638.0,123.0,0.0,0.0,99.90804494583622,0.8565928137694611,3.1464922794839183e-06,fixed_semantic_prompt
183,0.0,133638.0,123.0,0.0,0.0,99.90804494583622,0.7008486658113772,2.5744027741232056e-06,fixed_semantic_prompt
184,0.0,133638.0,123.0,0.0,0.0,99.90804494583622,0.573421635663854,2.1063295424644407e-06,fixed_semantic_prompt
185,0.0,133638.0,123.0,0.0,0.0,99.90804494583622,0.4691631564522441,1.7233605347436332e-06,fixed_semantic_prompt
186,0.0,133638.0,123.0,0.0,0.0,99.90804494583622,0.38386076437001787,1.4100222556993362e-06,fixed_semantic_prompt
187,0.0,133638.0,123.0,0.0,0.0,99.90804494583622,0.31406789812092367,1.1536545728449114e-06,fixed_semantic_prompt
188,0.0,133638.0,123.0,0.0,0.0,99.90804494583622,0.2569646439171194,9.438991959640183e-07,fixed_semantic_prompt
189,0.0,133638.0,123.0,0.0,0.0,99.90804494583622,0.2102437995685522,7.722811603341967e-07,fixed_semantic_prompt
190,0.0,133638.0,123.0,0.0,0.0,99.90804494583622,0.17201765419245177,6.318664039097973e-07,fixed_semantic_prompt
191,0.0,133638.0,123.0,0.0,0.0,99.90804494583622,0.14074171706655145,5.16981603198925e-07,fixed_semantic_prompt
192,0.0,133638.0,123.0,0.0,0.0,99.90804494583622,0.11515231396354209,4.229849480718477e-07,fixed_semantic_prompt
193,0.0,133638.0,123.0,0.0,0.0,99.90804494583622,0.09421552960653443,3.4607859387696626e-07,fixed_semantic_prompt
194,0.0,133638.0,123.0,0.0,0.0,99.90804494583622,0.07708543331443725,2.831552131720633e-07,fixed_semantic_prompt
195,0.0,133638.0,123.0,0.0,0.0,99.90804494583622,0.06306989998453956,2.3167244714077906e-07,fixed_semantic_prompt
196,0.0,133638.0,123.0,0.0,0.0,99.90804494583622,0.051602645441896,1.8955018402427377e-07,fixed_semantic_prompt
197,0.0,133638.0,123.0,0.0,0.0,99.90804494583622,0.04222034627064218,1.5508651420167852e-07,fixed_semantic_prompt
198,0.0,133638.0,123.0,0.0,0.0,99.90804494583622,0.034543919675979966,1.268889661650097e-07,fixed_semantic_prompt
199,0.0,133638.0,123.0,0.0,0.0,99.90804494583622,0.02826320700761997,1.0381824504409884e-07,fixed_semantic_prompt
200,0.0,133638.0,123.0,0.0,0.0,99.90804494583622,0.02312444209714361,8.494220049062632e-08,fixed_semantic_prompt
201,0.0,133638.0,123.0,0.0,0.0,99.90804494583622,0.018919998079481134,6.949816403778516e-08,fixed_semantic_prompt
202,0.0,133638.0,123.0,0.0,0.0,99.90804494583622,0.015479998428666382,5.686213421273331e-08,fixed_semantic_prompt
203,0.0,133638.0,123.0,0.0,0.0,99.90804494583622,0.012665453259817949,4.652356435587271e-08,fixed_semantic_prompt
204,0.0,133638.0,123.0,0.0,0.0,99.90804494583622,0.010362643576214685,3.8064734472986756e-08,fixed_semantic_prompt
205,0.0,133638.0,123.0,0.0,0.0,99.90804494583622,0.008478526562357468,3.1143873659716435e-08,fixed_semantic_prompt
206,0.0,133638.0,123.0,0.0,0.0,99.90804494583622,0.006936976278292473,2.548135117613163e-08,fixed_semantic_prompt
207,0.0,133638.0,123.0,0.0,0.0,99.90804494583622,0.005675707864057478,2.0848378235016786e-08,fixed_semantic_prompt
208,0.0,133638.0,123.0,0.0,0.0,99.90804494583622,0.00464376097968339,1.705776401046828e-08,fixed_semantic_prompt
209,0.0,133638.0,123.0,0.0,0.0,99.90804494583622,0.003799440801559137,1.3956352372201318e-08,fixed_semantic_prompt
210,0.0,133638.0,123.0,0.0,0.0,99.90804494583622,0.003108633383093839,1.1418833759073804e-08,fixed_semantic_prompt
211,0.0,133638.0,123.0,0.0,0.0,99.90804494583622,0.002543427313440414,9.34268216651493e-09,fixed_semantic_prompt
212,0.0,133638.0,123.0,0.0,0.0,99.90804494583622,0.0020809859837239747,7.644012681694034e-09,fixed_semantic_prompt
213,0.0,133638.0,123.0,0.0,0.0,99.90804494583622,0.001702624895774161,6.254192194113301e-09,fixed_semantic_prompt
214,0.0,133638.0,123.0,0.0,0.0,99.90804494583622,0.0013930567329061316,5.117066340638154e-09,fixed_semantic_prompt
215,0.0,133638.0,123.0,0.0,0.0,99.90804494583622,0.0011397736905595622,4.186690642340308e-09,fixed_semantic_prompt
216,0.0,133638.0,123.0,0.0,0.0,99.90804494583622,0.0009325421104578235,3.425474161914797e-09,fixed_semantic_prompt
217,0.0,133638.0,123.0,0.0,0.0,99.90804494583622,0.000762988999465492,2.8026606779302883e-09,fixed_semantic_prompt
218,0.0,133638.0,123.0,0.0,0.0,99.90804494583622,0.0006242637268354024,2.2930860092156903e-09,fixed_semantic_prompt
219,0.0,133638.0,123.0,0.0,0.0,99.90804494583622,0.0005107612310471474,1.876161280267383e-09,fixed_semantic_prompt
0,7.0,0.0,128319.0,0.0,0.0,0.005454857160668921,0.0,0.0,prefix_lineage_aware
1,218.0,1470.0,126638.0,181.66281643754223,0.0,1.315399841029877,33.029602988644044,0.0,prefix_lineage_aware
2,0.0,1765.0,126561.0,0.0,0.0,1.3754032697972352,27.0242206270724,0.0,prefix_lineage_aware
3,349.0,1734.0,126243.0,161.59044555773104,0.0,1.6232096379533374,51.49080697810125,0.0,prefix_lineage_aware
4,849.0,1707.0,125770.0,161.02014194449563,0.0,1.9918021289528232,71.40523151744569,0.0,prefix_lineage_aware
5,2869.0,2244.0,123213.0,385.8245872014619,0.0,3.984383523214313,128.57238709635772,0.0,prefix_lineage_aware
6,5477.0,2166.0,120683.0,1458.8092622564177,0.0,5.955924754141795,370.43363712545954,0.0,prefix_lineage_aware
7,4428.0,5136.0,118762.0,937.5166564314476,0.0,7.45289341209108,473.5396406356391,0.0,prefix_lineage_aware
8,2726.0,8453.0,117147.0,619.780543302404,0.0,8.711406885588268,500.12889566596,0.0,prefix_lineage_aware
9,2057.0,10351.0,115918.0,518.2363494333692,0.1385331781140861,9.669123949939996,503.4211599873071,0.025187850566197476,prefix_lineage_aware
10,5156.0,10614.0,112556.0,211.6956900108461,0.0,12.289013917678412,450.38016544613237,0.020608241372343388,prefix_lineage_aware
11,6906.0,11268.0,110152.0,1048.982456857972,0.0957142857142857,14.162367719713853,559.2169457028305,0.03426388579815108,prefix_lineage_aware
12,9285.0,12171.0,106870.0,1490.6341902483675,0.0,16.71991646275891,728.5655356202008,0.028034088380305428,prefix_lineage_aware
13,8509.0,15367.0,104450.0,1254.8549906881954,0.0,18.605738509733026,824.2545274507452,0.022936981402068075,prefix_lineage_aware
14,9174.0,18814.0,100338.0,1023.2765670903482,0.1681957186544342,21.810077458971683,860.4403528397638,0.04934766090249828,prefix_lineage_aware
15,8179.0,20814.0,99333.0,818.0093938000355,0.0,22.593239094182003,852.7256330143587,0.04037535892022586,prefix_lineage_aware
16,10290.0,22333.0,95703.0,1259.228474491283,0.0,25.421972164643176,926.6352405556175,0.03303438457109388,prefix_lineage_aware
17,9107.0,26011.0,93208.0,624.7376102038556,0.0,27.36623910976731,871.7447623098426,0.02702813283089499,prefix_lineage_aware
18,7756.0,28531.0,92039.0,734.3834281976091,0.0,28.277200255599023,846.7699742894365,0.022113926861641355,prefix_lineage_aware
19,10231.0,27697.0,90398.0,837.4068372659202,0.0,29.55597462712155,845.0675857397063,0.01809321288679747,prefix_lineage_aware
20,10276.0,30208.0,87842.0,474.6817687067529,0.0,31.547776756074374,777.7247099155328,0.014803537816470655,prefix_lineage_aware
21,11056.0,31375.0,85895.0,849.7303431367395,0.0,33.065006312049,790.8166432284795,0.012111985486203262,prefix_lineage_aware
22,9877.0,34662.0,83787.0,1063.805320281066,0.0666666666666666,34.70769758271901,840.4509481471316,0.022031018428105686,prefix_lineage_aware
23,10271.0,35565.0,82490.0,1136.516513171258,0.3059701492537313,35.7184046880601,894.2810508787909,0.07365631494185579,prefix_lineage_aware
24,7626.0,41256.0,79444.0,1155.0611226576375,0.0728241563055062,38.092046818259746,941.6956093840356,0.0735050133716104,prefix_lineage_aware
25,7699.0,43378.0,77249.0,930.5170547242006,0.0,39.80253417078379,939.6631449004292,0.060140465485863055,prefix_lineage_aware
26,7123.0,45749.0,75454.0,1248.130404664225,0.0,41.20131539984103,995.7481012211192,0.049205835397524315,prefix_lineage_aware
27,7254.0,46805.0,74267.0,1030.5757393811566,0.0,42.12630332122875,1002.0803990683987,0.04025931987070171,prefix_lineage_aware
28,6649.0,49238.0,72439.0,897.1581949778404,0.0,43.550800305471995,983.0036346882971,0.03293944353057412,prefix_lineage_aware
29,7765.0,49381.0,71180.0,1023.4673197648748,0.0,44.53189532908374,990.3606683385839,0.026950453797742458,prefix_lineage_aware
30,4293.0,54057.0,69976.0,629.9317017955153,0.0,45.470130760718796,924.8281289671168,0.02205037128906201,prefix_lineage_aware
31,5024.0,54703.0,68599.0,307.0405043958401,0.2028397565922921,46.54317909075324,812.5031063177936,0.05492116861692203,prefix_lineage_aware
32,4746.0,58427.0,65153.0,452.6265159441417,0.0,49.22852734441968,747.0709989771296,0.04493550159566347,prefix_lineage_aware
33,5307.0,58621.0,64398.0,900.6031643348075,0.0,49.81687265246325,774.9859381330712,0.03676541039645193,prefix_lineage_aware
34,4441.0,61748.0,62137.0,249.76179511750587,0.7662337662337663,51.57879151535932,679.4906394029683,0.1693960205486909,prefix_lineage_aware
35,2764.0,64119.0,61443.0,617.2791828978164,0.0,52.119601639574206,668.1794654929407,0.13859674408529254,prefix_lineage_aware
36,5723.0,63866.0,58737.0,973.9995241554698,0.0,54.22829356482708,723.7831125224914,0.1133973360697848,prefix_lineage_aware
37,6369.0,65565.0,56392.0,656.8019650635839,0.0,56.055670713651175,711.6047220754173,0.0927796386025512,prefix_lineage_aware
38,6882.0,68437.0,53007.0,1236.5635009980067,0.0,58.69348378348893,807.0517727886154,0.07591061340208734,prefix_lineage_aware
39,7733.0,69021.0,51572.0,1189.5817330332086,0.2563025210084033,59.81172950142606,876.6026746512686,0.10870914205778115,prefix_lineage_aware
40,8209.0,71600.0,48517.0,663.287267537609,0.0,62.19238501940371,837.8180551760577,0.08894384350182094,prefix_lineage_aware
41,8133.0,73325.0,46868.0,758.4687789795375,0.0,63.477393513395576,823.3909140494176,0.07277223559239894,prefix_lineage_aware
42,8280.0,74578.0,45468.0,628.5436845487303,0.0,64.56836494552935,787.9641450492926,0.059540920030144585,prefix_lineage_aware
43,9980.0,74243.0,44103.0,803.0318776515973,0.0,65.6320620918598,790.7037327951662,0.04871529820648193,prefix_lineage_aware
44,12598.0,75672.0,40056.0,907.7434024701176,0.0,68.7857487960351,811.9836727360663,0.03985797125984885,prefix_lineage_aware
45,16158.0,75432.0,36736.0,1474.9458326135791,0.0901033973412112,71.3729096208095,932.5222472592504,0.048993503274642,prefix_lineage_aware
46,16303.0,78120.0,33903.0,1585.0921083309756,0.0,73.58056824026308,1051.171312908655,0.040085593588343446,prefix_lineage_aware
47,13365.0,82964.0,31997.0,1345.8099154400393,0.2928571428571428,75.06584791858236,1104.741967914361,0.08604405709176152,prefix_lineage_aware
48,13189.0,84348.0,30789.0,1114.1551376914144,0.0,76.00720041145208,1106.4534533283709,0.0703996830750776,prefix_lineage_aware
49,11029.0,89214.0,28083.0,742.9625917444913,0.0,78.11589233670495,1040.3642057676655,0.05759974069779076,prefix_lineage_aware
50,8166.0,95189.0,24971.0,633.0214495123176,0.0701754385964912,80.54096597727663,966.3018864485113,0.0598862312248272,prefix_lineage_aware
51,7399.0,97405.0,23522.0,882.8696893495196,0.0,81.67012140953508,951.1323960668764,0.04899782554758588,prefix_lineage_aware
52,8204.0,97405.0,22717.0,816.3875825707994,0.0,82.29742998301202,926.6333390675895,0.040089129993479355,prefix_lineage_aware
53,7082.0,100392.0,20852.0,801.3560317809544,0.0,83.75075978367596,903.8556468336558,0.032800197267392195,prefix_lineage_aware
54,7148.0,101987.0,19191.0,885.4767697470894,0.0,85.04511946137183,900.5140328179164,0.02683652503695725,prefix_lineage_aware
55,6969.0,103001.0,18356.0,887.0063788251776,0.0,85.69580599410875,898.0580957283274,0.021957156848419566,prefix_lineage_aware
56,4867.0,107171.0,16288.0,754.7015168708799,0.0,87.30732665243208,871.9932632087915,0.01796494651234328,prefix_lineage_aware
57,3788.0,109351.0,15187.0,683.1867290522296,0.0972716488730723,88.16529775727444,837.6648024530529,0.032384346941566736,prefix_lineage_aware
58,3591.0,112028.0,12707.0,1146.744192928617,0.24,90.09787572276858,893.8610552667917,0.0701326474976455,prefix_lineage_aware
59,3474.0,113320.0,11532.0,769.0439875992945,0.0,91.01351246045229,871.1670429636104,0.05738125704352813,prefix_lineage_aware
60,2390.0,115251.0,10685.0,469.49941643565217,0.3584474885844749,91.67355017689323,798.1365654130725,0.1121205718691548,prefix_lineage_aware
61,3342.0,115595.0,9389.0,617.8865377885548,0.1734104046242774,92.68347801692565,765.3638331177057,0.12326417782463164,prefix_lineage_aware
62,5248.0,115735.0,7343.0,1048.6370798336022,0.0,94.2778548384583,816.8680597933231,0.10085250912924407,prefix_lineage_aware
63,4059.0,118642.0,5625.0,561.3566853401902,0.0,95.61663263874819,770.4114462563898,0.08251568928756332,prefix_lineage_aware
64,3633.0,121549.0,3144.0,922.0501472591744,0.0711297071129707,97.54998986955098,797.9821191659869,0.08044551071036467,prefix_lineage_aware
65,8124.0,119856.0,346.0,486.7426749798444,0.0,99.73037420320122,741.393129313961,0.06581905421757109,prefix_lineage_aware
66,10484.0,117615.0,227.0,1393.1747151679117,0.0,99.8231067749326,859.8988721964975,0.053851953450739974,prefix_lineage_aware
67,8097.0,120022.0,207.0,806.0023373681088,0.9572192513368984,99.83869208110593,850.0995022276995,0.21810055306640516,prefix_lineage_aware
68,9594.0,118237.0,495.0,1014.3355940830124,0.3597033374536464,99.61426367220983,879.9606098377564,0.24384651386408535,prefix_lineage_aware
69,8555.0,119253.0,518.0,872.009605651074,0.1917973462002412,99.5963405701105,878.5149727129051,0.2343830288342955,prefix_lineage_aware
70,6847.0,121283.0,196.0,887.3499775410829,0.0,99.84726399950127,880.1213372271192,0.1917679326826054,prefix_lineage_aware
71,7040.0,121173.0,113.0,1031.2677547246462,0.0,99.91194302012063,907.6025040448513,0.15690103583122259,prefix_lineage_aware
72,7659.0,120494.0,173.0,1282.8507200819197,0.0,99.86518710160061,975.8294524152275,0.12837357477100028,prefix_lineage_aware
73,8052.0,119893.0,381.0,645.4103322492936,0.9314516129032258,99.70309991739788,915.753248748694,0.274387763522314,prefix_lineage_aware
74,7580.0,120531.0,215.0,883.1644486595861,0.0,99.8324579586366,909.8280123688562,0.2244990792455296,prefix_lineage_aware
75,7752.0,120410.0,164.0,683.8779298005898,0.0,99.87220048937861,868.7461791746258,0.18368106483725147,prefix_lineage_aware
76,7884.0,119996.0,446.0,836.9218356853283,0.925137903861308,99.65244767233452,862.9599349038444,0.3184913992052617,prefix_lineage_aware
77,7102.0,121173.0,51.0,1009.8668479340042,0.0,99.96025746925798,889.6702827275099,0.26058387207703226,prefix_lineage_aware
78,8945.0,118252.0,1129.0,1210.769870515203,0.7748344370860927,99.12020946651498,948.0520259616358,0.35408397480595233,prefix_lineage_aware
79,7077.0,120360.0,889.0,898.3501790514681,0.0,99.30723314059505,939.0153265234235,0.28970507029577913,prefix_lineage_aware
80,6848.0,121368.0,110.0,826.6461624148608,0.0,99.91428081604663,918.5845694127756,0.237031421151092,prefix_lineage_aware
81,5994.0,122101.0,231.0,747.1111611495073,0.0,99.81998971369792,887.4075860921814,0.19393479912362072,prefix_lineage_aware
82,6135.0,121363.0,828.0,772.7536240671054,0.07105719237435,99.35476832442373,866.5614111785312,0.17159341607829875,prefix_lineage_aware
83,9096.0,118881.0,349.0,688.5555957955025,0.0,99.72803640727523,834.196717472526,0.1403946131549717,prefix_lineage_aware
84,8680.0,119493.0,153.0,1238.3095182436653,0.0,99.88077240777396,907.6717721581877,0.11486831985406774,prefix_lineage_aware
85,8445.0,119720.0,161.0,1017.2228433677418,0.0,99.87453828530461,927.590148741743,0.09398317078969179,prefix_lineage_aware
86,11508.0,115770.0,1048.0,813.2724663987445,0.9477434679334916,99.183329956517,906.8051155884705,0.24921231572492814,prefix_lineage_aware
87,12860.0,115274.0,192.0,1363.0437013919395,0.0,99.85038106073594,989.7575857345557,0.203900985593123,prefix_lineage_aware
88,10599.0,117107.0,620.0,1016.3700807444892,0.0,99.51685550862646,994.5962211909073,0.16682807912164607,prefix_lineage_aware
89,7092.0,120715.0,519.0,645.2704320813796,0.0,99.59556130480183,931.0824413528113,0.1364957010995286,prefix_lineage_aware
90,6588.0,121434.0,304.0,878.3635302756232,0.0645669291338582,99.76310334616524,921.4971847933226,0.1234177425603158,prefix_lineage_aware
91,8968.0,118828.0,530.0,1160.5085501470242,0.0,99.5869893864065,964.9537966758138,0.10097815300389475,prefix_lineage_aware
92,9188.0,118740.0,398.0,999.0100931316758,0.0,99.68985240715054,971.1458505768796,0.08261848882136842,prefix_lineage_aware
93,7192.0,120913.0,221.0,1028.694938304274,0.0,99.8277823667846,981.6093210727695,0.06759694539930143,prefix_lineage_aware
94,8097.0,120192.0,37.0,1119.8073605577213,0.0,99.97116718357933,1006.7362373427607,0.05530659169033753,prefix_lineage_aware
95,9492.0,118795.0,39.0,1036.6183331270502,0.9440052700922266,99.96960865296198,1012.1693456671768,0.21688816958159007,prefix_lineage_aware
96,10654.0,117091.0,581.0,844.6470572645449,0.0937238493723849,99.54724685566448,981.7107477757892,0.19449465681628003,prefix_lineage_aware
97,8005.0,120161.0,160.0,1233.4166992256703,0.0,99.87531755061329,1027.4754662212222,0.15913199194059274,prefix_lineage_aware
98,9264.0,118761.0,301.0,1012.8944685400938,0.255,99.76544114209123,1024.8243757337443,0.17656253886048495,prefix_lineage_aware
99,9097.0,118802.0,427.0,676.6447417310852,0.0,99.6672537131992,961.5189877332607,0.1444602590676695,prefix_lineage_aware
100,8829.0,119322.0,175.0,706.0866216734139,0.0,99.86362857098328,915.076739358743,0.1181947574190023,prefix_lineage_aware
101,5616.0,122412.0,298.0,1033.9716060983071,0.0,99.76777893801724,936.6939878568455,0.09670480152463824,prefix_lineage_aware
102,3752.0,123976.0,598.0,588.1682823297587,0.0,99.53399934541714,873.3256777610115,0.07912211033834038,prefix_lineage_aware
103,3664.0,123758.0,904.0,611.6986323553119,0.0,99.29554416096505,825.7571240508843,0.06473627209500576,prefix_lineage_aware
104,4430.0,123404.0,492.0,437.4175381845935,0.0,99.61660146813584,755.1499266206496,0.052966040805004715,prefix_lineage_aware
105,5957.0,122081.0,288.0,420.32915555834205,0.0,99.77557159110391,694.2734227911391,0.04333585156773113,prefix_lineage_aware
106,5425.0,122880.0,21.0,706.5682999787876,0.0,99.98363542851799,696.5088550070752,0.035456605828143646,prefix_lineage_aware
107,5246.0,122110.0,970.0,557.1559605845188,0.0,99.24411265059302,671.1719651120649,0.029009950223026618,prefix_lineage_aware
108,3858.0,123912.0,556.0,458.4107566817397,0.0,99.56672848838114,632.4881090338239,0.023735413818839958,prefix_lineage_aware
109,1881.0,126305.0,140.0,260.48694994985726,0.0,99.89090285678662,564.8515346549208,0.01941988403359633,prefix_lineage_aware
110,3392.0,124189.0,745.0,308.02638125840286,0.0,99.41944734504308,518.1560522191902,0.015888996027487903,prefix_lineage_aware
111,2346.0,125563.0,417.0,312.80674733835167,0.0,99.67504636628587,480.8198149681286,0.013000087658853738,prefix_lineage_aware
112,955.0,127152.0,219.0,161.00180021339224,0.0,99.82934089740193,422.67108501272196,0.010636435357243967,prefix_lineage_aware
113,1115.0,127152.0,59.0,160.5703323325543,0.0,99.95402334678865,375.0164027072369,0.008702538019563244,prefix_lineage_aware
114,3232.0,124610.0,484.0,312.6680175330023,0.2803386641580432,99.62283559060518,363.6803326755579,0.058090924590195964,prefix_lineage_aware
115,3613.0,124610.0,103.0,460.7534086151032,0.0,99.9197356732073,381.3299828463843,0.04752893830106942,prefix_lineage_aware
116,3086.0,124603.0,637.0,457.9114401260218,0.9493444576877236,99.50360799837912,395.25388416995474,0.2114953963713702,prefix_lineage_aware
117,3376.0,124603.0,347.0,308.1355820597216,0.0,99.72959493789256,379.41419287718503,0.17304168794021196,prefix_lineage_aware
118,3696.0,124603.0,27.0,307.1020646111736,0.0,99.978959836666,366.26653319245565,0.14157956286017342,prefix_lineage_aware
119,4016.0,123447.0,863.0,306.2682334400274,0.0,99.32749403862039,355.35775141928684,0.11583782415832371,prefix_lineage_aware
120,4256.0,123447.0,623.0,305.17220734137805,0.0,99.51451771270047,346.2331070414852,0.09477640158408303,prefix_lineage_aware
121,4576.0,123447.0,303.0,302.93769474755555,0.0,99.7638826114739,338.36121389713435,0.0775443285687952,prefix_lineage_aware
122,3755.0,124321.0,250.0,192.93520359241765,0.0,99.80518367283325,311.92012111445854,0.06344535973810515,prefix_lineage_aware
123,2466.0,125551.0,309.0,302.84417641671416,0.0341005967604433,99.7592070196219,310.26994935123224,0.05810994828762118,prefix_lineage_aware
124,2784.0,125444.0,98.0,310.0228556214033,0.0,99.92363199975064,310.225023218536,0.04754450314441733,prefix_lineage_aware
125,3104.0,124886.0,336.0,308.9153701783799,0.0,99.73816685628789,309.9869044839622,0.038900048027250535,prefix_lineage_aware
126,3424.0,124886.0,16.0,307.7459560979032,0.0,99.98753175506133,309.57945932286054,0.03182731202229589,prefix_lineage_aware
127,3664.0,124501.0,161.0,307.1461074068207,0.0,99.87453828530461,309.1370317017624,0.026040528018242092,prefix_lineage_aware
128,3984.0,123374.0,968.0,306.28757392382647,0.0,99.24567118121035,308.6189484694104,0.02130588656037989,prefix_lineage_aware
129,2093.0,125555.0,678.0,200.2181372679174,0.0,99.47165812072379,288.9097100691389,0.017432089003947184,prefix_lineage_aware
130,0.0,127752.0,574.0,0.0,0.0,99.55270171282515,236.38067187475,0.014262618275956786,prefix_lineage_aware
131,0.0,127752.0,574.0,0.0,0.0,99.55270171282515,193.4023678975227,0.011669414953055552,prefix_lineage_aware
132,,,,0.0,0.0,99.55270171282515,158.23830100706402,0.009547703143409088,prefix_lineage_aware
133,0.0,127752.0,574.0,0.0,0.0,99.55270171282515,129.46770082396145,0.007811757117334708,prefix_lineage_aware
134,0.0,127752.0,574.0,0.0,0.0,99.55270171282515,105.92811885596845,0.00639143764145567,prefix_lineage_aware
135,0.0,127752.0,574.0,0.0,0.0,99.55270171282515,86.668460882156,0.005229358070281911,prefix_lineage_aware
136,0.0,127752.0,574.0,0.0,0.0,99.55270171282515,70.91055890358217,0.004278565693867018,prefix_lineage_aware
137,0.0,127752.0,574.0,0.0,0.0,99.55270171282515,58.01773001202177,0.0035006446586184695,prefix_lineage_aware
138,0.0,127752.0,574.0,0.0,0.0,99.55270171282515,47.46905182801781,0.0028641638115969293,prefix_lineage_aware
139,0.0,127752.0,574.0,0.0,0.0,99.55270171282515,38.83831513201457,0.002343406754942942,prefix_lineage_aware
140,0.0,127752.0,574.0,0.0,0.0,99.55270171282515,31.776803289830102,0.0019173327994987707,prefix_lineage_aware
141,0.0,127752.0,574.0,0.0,0.0,99.55270171282515,25.999202691679173,0.0015687268359535396,prefix_lineage_aware
142,0.0,127752.0,574.0,0.0,0.0,99.55270171282515,21.272074929555686,0.0012835037748710777,prefix_lineage_aware
143,0.0,127752.0,574.0,0.0,0.0,99.55270171282515,17.404424942363743,0.0010501394521672453,prefix_lineage_aware
144,0.0,127752.0,574.0,0.0,0.0,99.55270171282515,14.239984043752152,0.0008592050063186552,prefix_lineage_aware
145,0.0,127752.0,574.0,0.0,0.0,99.55270171282515,11.650896035797214,0.0007029859142607179,prefix_lineage_aware
146,0.0,127752.0,574.0,0.0,0.0,99.55270171282515,9.532551302015902,0.0005751702934860418,prefix_lineage_aware
147,0.0,127752.0,574.0,0.0,0.0,99.55270171282515,7.799360156194828,0.0004705938764885797,prefix_lineage_aware
148,0.0,127752.0,574.0,0.0,0.0,99.55270171282515,6.381294673250313,0.00038503135349065605,prefix_lineage_aware
149,0.0,127752.0,574.0,0.0,0.0,99.55270171282515,5.221059278113892,0.0003150256528559913,prefix_lineage_aware
150,0.0,127752.0,574.0,0.0,0.0,99.55270171282515,4.271775773002275,0.00025774826142762925,prefix_lineage_aware
151,0.0,127752.0,574.0,0.0,0.0,99.55270171282515,3.4950892688200432,0.00021088494116806028,prefix_lineage_aware
152,0.0,127752.0,574.0,0.0,0.0,99.55270171282515,2.8596184926709443,0.0001725422245920493,prefix_lineage_aware
153,0.0,127752.0,574.0,0.0,0.0,99.55270171282515,2.339687857639863,0.00014117091102985852,prefix_lineage_aware
154,0.0,127752.0,574.0,0.0,0.0,99.55270171282515,1.914290065341706,0.00011550347266079333,prefix_lineage_aware
155,0.0,127752.0,574.0,0.0,0.0,99.55270171282515,1.5662373261886684,9.45028412679218e-05,prefix_lineage_aware
156,0.0,127752.0,574.0,0.0,0.0,99.55270171282515,1.2814669032452741,7.732050649193601e-05,prefix_lineage_aware
157,0.0,127752.0,574.0,0.0,0.0,99.55270171282515,1.0484729208370425,6.326223258431127e-05,prefix_lineage_aware
158,0.0,127752.0,574.0,0.0,0.0,99.55270171282515,0.8578414806848529,5.176000847807286e-05,prefix_lineage_aware
159,,,,0.0,0.0,99.55270171282515,0.701870302378516,4.234909784569597e-05,prefix_lineage_aware
160,,,,0.0,0.0,99.55270171282515,0.5742575201278767,3.464926187375125e-05,prefix_lineage_aware
161,,,,0.0,0.0,99.55270171282515,0.4698470619228082,2.8349396078523745e-05,prefix_lineage_aware
162,,,,0.0,0.0,99.55270171282515,0.3844203233913885,2.3194960427883062e-05,prefix_lineage_aware
163,,,,0.0,0.0,99.55270171282515,0.3145257191384087,1.8977694895540684e-05,prefix_lineage_aware
164,,,,0.0,0.0,99.55270171282515,0.25733922474960713,1.5527204914533284e-05,prefix_lineage_aware
165,,,,0.0,0.0,99.55270171282515,0.21055027479513308,1.2704076748254505e-05,prefix_lineage_aware
166,,,,0.0,0.0,99.55270171282515,0.17226840665056342,1.039424461220823e-05,prefix_lineage_aware
167,,,,0.0,0.0,99.55270171282515,0.1409468781686428,8.504381955443096e-06,prefix_lineage_aware
168,,,,0.0,0.0,99.55270171282515,0.11532017304707137,6.958130690817078e-06,prefix_lineage_aware
169,,,,0.0,0.0,99.55270171282515,0.09435286885669475,5.693016019759427e-06,prefix_lineage_aware
170,,,,0.0,0.0,99.55270171282515,0.07719780179184116,4.657922197984986e-06,prefix_lineage_aware
171,,,,0.0,0.0,99.55270171282515,0.06316183782968822,3.811027252896806e-06,prefix_lineage_aware
172,,,,0.0,0.0,99.55270171282515,0.051677867315199445,3.118113206915568e-06,prefix_lineage_aware
173,,,,0.0,0.0,99.55270171282515,0.04228189143970863,2.551183532930919e-06,prefix_lineage_aware
174,,,,0.0,0.0,99.55270171282515,0.03459427481430706,2.0873319814889334e-06,prefix_lineage_aware
175,,,,0.0,0.0,99.55270171282515,0.02830440666625123,1.7078170757636726e-06,prefix_lineage_aware
176,,,,0.0,0.0,99.55270171282515,0.023158150908751004,1.3973048801702774e-06,prefix_lineage_aware
177,,,,0.0,0.0,99.55270171282515,0.01894757801625082,1.1432494474120451e-06,prefix_lineage_aware
178,,,,0.0,0.0,99.55270171282515,0.015502563831477943,9.35385911518946e-07,prefix_lineage_aware
179,,,,0.0,0.0,99.55270171282515,0.012683915862118316,7.653157457882285e-07,prefix_lineage_aware
180,,,,0.0,0.0,99.55270171282515,0.010377749341733166,6.261674283721868e-07,prefix_lineage_aware
181,,,,0.0,0.0,99.55270171282515,0.008490885825054409,5.123188050317892e-07,prefix_lineage_aware
182,,,,0.0,0.0,99.55270171282515,0.006947088402317243,4.191699313896457e-07,prefix_lineage_aware
183,,,,0.0,0.0,99.55270171282515,0.005683981420077744,3.4295721659152827e-07,prefix_lineage_aware
184,,,,0.0,0.0,99.55270171282515,0.004650530252790881,2.806013590294322e-07,prefix_lineage_aware
185,,,,0.0,0.0,99.55270171282515,0.003804979297737993,2.2958293011498995e-07,prefix_lineage_aware
186,,,,0.0,0.0,99.55270171282515,0.0031131648799674486,1.8784057918499176e-07,prefix_lineage_aware
187,,,,0.0,0.0,99.55270171282515,0.0025471349017915485,1.5368774660590233e-07,prefix_lineage_aware
188,,,,0.0,0.0,99.55270171282515,0.002084019465102176,1.2574451995028372e-07,prefix_lineage_aware
189,,,,0.0,0.0,99.55270171282515,0.0017051068350835983,1.0288187995932304e-07,prefix_lineage_aware
190,,,,0.0,0.0,99.55270171282515,0.001395087410522944,8.417608360308248e-08,prefix_lineage_aware
191,,,,0.0,0.0,99.55270171282515,0.0011414351540642268,6.887134112979475e-08,prefix_lineage_aware
192,,,,0.0,0.0,99.55270171282515,0.0009339014896889127,5.63492791061957e-08,prefix_lineage_aware
193,,,,0.0,0.0,99.55270171282515,0.000764101218836383,4.6103955632341934e-08,prefix_lineage_aware
194,,,,0.0,0.0,99.55270171282515,0.0006251737245024951,3.7721418244643396e-08,prefix_lineage_aware
195,,,,0.0,0.0,99.55270171282515,0.0005115057745929505,3.086297856379914e-08,prefix_lineage_aware
196,,,,0.0,0.0,99.55270171282515,0.0004185047246669595,2.5251527915835658e-08,prefix_lineage_aware
197,,,,0.0,0.0,99.55270171282515,0.0003424129565456941,2.0660341022047355e-08,prefix_lineage_aware
198,,,,0.0,0.0,99.55270171282515,0.0002801560553555679,1.6903915381675107e-08,prefix_lineage_aware
199,,,,0.0,0.0,99.55270171282515,0.00022921859074546462,1.383047622137054e-08,prefix_lineage_aware
200,,,,0.0,0.0,99.55270171282515,0.0001875424833371983,1.131584418112135e-08,prefix_lineage_aware
201,,,,0.0,0.0,99.55270171282515,0.00015344385000316222,9.258417966372013e-09,prefix_lineage_aware
202,,,,0.0,0.0,99.55270171282515,0.00012554496818440545,7.575069245213465e-09,prefix_lineage_aware
203,,,,0.0,0.0,99.55270171282515,0.00010271861033269537,6.1977839279019255e-09,prefix_lineage_aware
204,,,,0.0,0.0,99.55270171282515,8.404249936311438e-05,5.070914122828848e-09,prefix_lineage_aware
205,,,,0.0,0.0,99.55270171282515,6.876204493345721e-05,4.148929736859966e-09,prefix_lineage_aware
206,,,,0.0,0.0,99.55270171282515,5.62598549455559e-05,3.394578875612699e-09,prefix_lineage_aware
207,,,,0.0,0.0,99.55270171282515,4.603079041000027e-05,2.77738271641039e-09,prefix_lineage_aware
208,,,,0.0,0.0,99.55270171282515,3.766155579000022e-05,2.27240404069941e-09,prefix_lineage_aware
209,,,,0.0,0.0,99.55270171282515,3.081400019181836e-05,1.8592396696631535e-09,prefix_lineage_aware
210,,,,0.0,0.0,99.55270171282515,2.5211454702396842e-05,1.5211960933607619e-09,prefix_lineage_aware
211,,,,0.0,0.0,99.55270171282515,2.0627553847415596e-05,1.244614985476987e-09,prefix_lineage_aware
212,,,,0.0,0.0,99.55270171282515,1.687708951152185e-05,1.0183213517538984e-09,prefix_lineage_aware
213,,,,0.0,0.0,99.55270171282515,1.3808527782154239e-05,8.331720150713713e-10,prefix_lineage_aware
214,,,,0.0,0.0,99.55270171282515,1.1297886367217103e-05,6.816861941493037e-10,prefix_lineage_aware
215,,,,0.0,0.0,99.55270171282515,9.243725209541266e-06,5.577432497585212e-10,prefix_lineage_aware
216,,,,0.0,0.0,99.55270171282515,7.563047898715581e-06,4.563353861660628e-10,prefix_lineage_aware
217,,,,0.0,0.0,99.55270171282515,6.1879482807672936e-06,3.733653159540514e-10,prefix_lineage_aware
218,,,,0.0,0.0,99.55270171282515,5.06286677517324e-06,3.0548071305331474e-10,prefix_lineage_aware
219,,,,0.0,0.0,99.55270171282515,4.14234554332356e-06,2.4993876522543934e-10,prefix_lineage_aware
