relative_time_s,kv_used,kv_evictable,kv_available,gen_throughput,global_hit_rate,kv_occupancy_pct,throughput_smoothed,hit_rate_smoothed,method
0,0.0,14.0,129518.0,0.0,0.0,0.010808140073495351,0.0,0.0,flat_prompt_advanced_workflow
1,1718.0,98.0,127716.0,1328.6709090108889,0.0,1.4019701695333973,241.5765289110707,0.0,flat_prompt_advanced_workflow
2,0.0,2048.0,127484.0,0.0,0.0,1.5810764907513202,197.65352365451238,0.0,flat_prompt_advanced_workflow
3,0.0,2048.0,127484.0,0.0,0.0,1.5810764907513202,161.71651935369195,0.0,flat_prompt_advanced_workflow
4,1074.0,2002.0,126456.0,631.2263252386824,0.0,2.374702776147979,247.08193860550838,0.0,flat_prompt_advanced_workflow
5,3192.0,1980.0,124360.0,760.6364734599128,0.09,3.9928357471512834,340.4554903972182,0.016363636363636365,flat_prompt_advanced_workflow
6,2232.0,3861.0,123439.0,623.0284022829837,0.0,4.703856961986228,391.83238346735743,0.013388429752066116,flat_prompt_advanced_workflow
7,2524.0,5576.0,121432.0,559.1703294420302,0.1605351170568562,6.253281042522311,422.2574645536615,0.040142372898391586,flat_prompt_advanced_workflow
8,2903.0,6422.0,120207.0,581.5012263434506,0.0,7.198993298953154,451.2108757881686,0.03284375964413857,flat_prompt_advanced_workflow
9,1510.0,8510.0,119512.0,725.974458662001,0.0,7.735540252601673,501.1678908561381,0.026872166981567917,flat_prompt_advanced_workflow
10,3144.0,9011.0,117377.0,617.5972549409751,0.0349417637271214,9.383781613809715,522.3368661442903,0.028339366389850365,flat_prompt_advanced_workflow
11,3926.0,10510.0,115096.0,915.1563190520004,0.0,11.144736435784209,593.7585848547831,0.02318675431896848,flat_prompt_advanced_workflow
12,5053.0,10836.0,113643.0,949.4171803741864,0.0,12.266466973411976,658.423784040129,0.018970980806428756,flat_prompt_advanced_workflow
13,2770.0,15295.0,111467.0,230.94854104658455,0.1004366812227074,13.946360744835253,580.7010125867573,0.03378292633666123,flat_prompt_advanced_workflow
14,7299.0,15235.0,106998.0,246.1392434231988,0.127789046653144,17.39647345829602,519.8716000115649,0.05087494821238537,flat_prompt_advanced_workflow
15,8377.0,16225.0,104930.0,1021.3158987119316,0.1048951048951049,18.992990149152334,611.0432906843588,0.06069679488197073,flat_prompt_advanced_workflow
16,9858.0,18551.0,101123.0,1272.2484806466034,0.0763105507631055,21.93203223913782,731.2624161320396,0.06353565958763159,flat_prompt_advanced_workflow
17,7721.0,24242.0,97569.0,1144.233994325641,0.0397815912636505,24.67575579779514,806.3481576217853,0.05921673807418048,flat_prompt_advanced_workflow
18,8649.0,25079.0,95804.0,1276.2122564751094,0.0334672021419009,26.038353457060804,891.7779937769351,0.05453500426831146,flat_prompt_advanced_workflow
19,7189.0,30228.0,92115.0,1269.9641987936964,0.0570342205323193,28.88629836642683,960.5391219618007,0.0549894072254038,flat_prompt_advanced_workflow
20,7260.0,31763.0,90509.0,1178.3791161794795,0.0,30.126146434857798,1000.1463936377422,0.044991333184421285,flat_prompt_advanced_workflow
21,8959.0,31758.0,88815.0,1167.4028424520086,0.0791476407914764,31.433931383750735,1030.5566570585179,0.051201570931158576,flat_prompt_advanced_workflow
22,9318.0,32813.0,87401.0,1272.194214358644,0.0,32.52555353117376,1074.4907583858135,0.04189219439822065,flat_prompt_advanced_workflow
23,11210.0,34708.0,83614.0,1254.702966535072,0.059171597633136,35.44915542105426,1107.2566144129514,0.04503390407729617,flat_prompt_advanced_workflow
24,11964.0,35614.0,81954.0,1373.3676315388632,0.0,36.730692029768704,1155.6404357085717,0.036845921517787775,flat_prompt_advanced_workflow
25,11332.0,39889.0,78311.0,1365.6019567809458,0.0476190476190476,39.54312447889325,1193.8152577217306,0.03880467171801683,flat_prompt_advanced_workflow
26,11138.0,42960.0,75434.0,1376.4523266831786,0.0546666666666666,41.764197263996536,1227.021997532903,0.04168867079958952,flat_prompt_advanced_workflow
27,11693.0,44686.0,73153.0,897.9338168360213,0.0,43.52515208597104,1167.1877828607426,0.03410891247239142,flat_prompt_advanced_workflow
28,11234.0,47597.0,70701.0,1292.63042078057,0.0,45.41812061884322,1189.995535209802,0.027907292022865706,flat_prompt_advanced_workflow
29,10923.0,49135.0,69474.0,1153.778712057024,0.0,46.36537689528456,1183.4106582729332,0.02283323892779921,flat_prompt_advanced_workflow
30,11764.0,49315.0,68453.0,1130.498560851845,0.0,47.15359911064447,1173.7902769236443,0.018681740940926627,flat_prompt_advanced_workflow
31,13044.0,49315.0,67173.0,1115.9965409710333,0.0,48.14177191736405,1163.2823249322605,0.015285060769849057,flat_prompt_advanced_workflow
32,12432.0,50985.0,66115.0,1107.0638816046453,0.3679245283018867,48.9585585029182,1153.060789781785,0.0794013275938559,flat_prompt_advanced_workflow
33,10980.0,56325.0,62227.0,889.9082284595977,0.0,51.96013340332891,1105.214869541387,0.06496472257679119,flat_prompt_advanced_workflow
34,9095.0,60520.0,59917.0,1071.4850019313046,0.0,53.74347651545563,1099.0821663395539,0.053152954835556425,flat_prompt_advanced_workflow
35,7564.0,63444.0,58524.0,1091.3826223435449,0.3100775193798449,54.818886452768425,1097.6822492493704,0.09986651202542705,flat_prompt_advanced_workflow
36,5645.0,66578.0,57309.0,826.2818303634758,0.0,55.756878609146774,1048.3367185428442,0.08170896438444031,flat_prompt_advanced_workflow
37,5588.0,67456.0,56488.0,599.9764471735523,0.0,56.39069882345675,966.8166692029729,0.0668527890418148,flat_prompt_advanced_workflow
38,6382.0,68074.0,55076.0,744.0867002085282,0.0,57.480776950869284,926.3203112039829,0.05469773648875756,flat_prompt_advanced_workflow
39,6982.0,68074.0,54476.0,739.9107992385178,0.0,57.94398295401908,892.4276726648073,0.04475269349080164,flat_prompt_advanced_workflow
40,6782.0,71469.0,51281.0,920.123351425908,0.303030303030303,60.41055492079177,897.4632506213711,0.09171225886162007,flat_prompt_advanced_workflow
41,3300.0,76054.0,50178.0,1000.0281836322991,0.2532467532467532,61.26208195658216,916.1114202597216,0.12108216693164428,flat_prompt_advanced_workflow
42,1682.0,79688.0,48162.0,440.15808203475206,0.0,62.81845412716549,829.5744496733636,0.09906722748952713,flat_prompt_advanced_workflow
43,3871.0,79680.0,45981.0,374.9526833272757,0.0,64.50220794861501,746.9159467013475,0.0810550043096131,flat_prompt_advanced_workflow
44,2946.0,81588.0,44998.0,489.17368566185166,0.0,65.26109378377544,700.0537174214392,0.06631773079877434,flat_prompt_advanced_workflow
45,2358.0,84371.0,42803.0,368.9779691253163,0.0,66.95565574529846,639.8581268221441,0.05425996156263355,flat_prompt_advanced_workflow
46,2633.0,84937.0,41962.0,889.8373941817368,0.0,67.60491615971344,685.3089027057064,0.044394514005791086,flat_prompt_advanced_workflow
47,2898.0,86552.0,40082.0,858.4141767116431,0.0654596100278551,69.05629496958281,716.7825888886039,0.04822453146434818,flat_prompt_advanced_workflow
48,5008.0,86929.0,37595.0,682.7582218533619,0.0695410292072322,70.97628385263873,710.5963403367417,0.05210025832669073,flat_prompt_advanced_workflow
49,5014.0,87725.0,36793.0,751.1702415469521,0.0,71.59543587684897,717.9734132840526,0.042627484085474225,flat_prompt_advanced_workflow
50,5223.0,90109.0,34200.0,589.8108754743612,0.0,73.59725782046135,694.6711336822905,0.03487703243356982,flat_prompt_advanced_workflow
51,6818.0,93190.0,29524.0,365.3192755039059,0.0,77.2071766050088,634.7889776498569,0.028535753809284397,flat_prompt_advanced_workflow
52,9497.0,93132.0,26903.0,951.678206353496,0.1354401805869074,79.23061482876818,692.4052010505185,0.04797292231430676,flat_prompt_advanced_workflow
53,10102.0,94584.0,24846.0,1457.1485061594583,0.0,80.81863940956676,831.449438343053,0.03925057280261462,flat_prompt_advanced_workflow
54,7485.0,99231.0,22816.0,1123.2981779771865,0.0,82.38581972022358,884.512845549259,0.03211410502032105,flat_prompt_advanced_workflow
55,6977.0,101170.0,21385.0,888.5202681576692,0.0,83.49056603773585,885.2414678416973,0.026275176834808126,flat_prompt_advanced_workflow
56,8025.0,102000.0,19507.0,1070.3981870189698,0.0,84.94040082759473,918.9063258739286,0.0214978719557521,flat_prompt_advanced_workflow
57,8448.0,103465.0,17619.0,1158.663846087333,0.0455037919826652,86.39795571750611,962.4986022763657,0.02586258468791812,flat_prompt_advanced_workflow
58,8753.0,105090.0,15689.0,1128.0121723239,0.0,87.88793502763795,992.5919786486445,0.021160296562842094,flat_prompt_advanced_workflow
59,9480.0,107977.0,12075.0,1174.1621005067736,0.0,90.67797918661026,1025.6047280773953,0.01731296991505262,flat_prompt_advanced_workflow
60,10335.0,108156.0,11041.0,1143.6475421808066,0.0,91.47623753203843,1047.0670579143791,0.01416515720322487,flat_prompt_advanced_workflow
61,8601.0,112566.0,8365.0,854.7818119725357,0.0,93.54213630608653,1012.1061041067712,0.011589674075365802,flat_prompt_advanced_workflow
62,9721.0,112566.0,7245.0,991.0527755437982,0.0,94.40678751196614,1008.2782261862305,0.009482460607117474,flat_prompt_advanced_workflow
63,10789.0,113766.0,4977.0,567.2724665166285,0.0,96.15770620387241,928.0953607917573,0.007758376860368842,flat_prompt_advanced_workflow
64,10572.0,117187.0,1773.0,1176.915694937096,0.0,98.63122626069234,973.3354215454553,0.006347762885756325,flat_prompt_advanced_workflow
65,9801.0,119163.0,568.0,1134.2732746383826,0.3225806451612903,99.56149831701819,1002.596849380533,0.06384465057221705,flat_prompt_advanced_workflow
66,5867.0,123280.0,385.0,721.6863406926157,0.0541561712846347,99.70277614797888,951.5222114372752,0.06208310888356571,flat_prompt_advanced_workflow
67,6484.0,123028.0,20.0,718.4245168744424,0.0,99.98455979989501,909.1408124258511,0.05079527090473558,flat_prompt_advanced_workflow
68,8624.0,120891.0,17.0,874.8110057402656,0.0,99.98687582991076,902.8990293921082,0.041559767103874566,flat_prompt_advanced_workflow
69,8530.0,120480.0,522.0,944.8825553659864,0.0658082975679542,99.59701077725967,910.5323977509951,0.045968590824616316,flat_prompt_advanced_workflow
70,8094.0,121430.0,8.0,1034.112083557766,0.0,99.993823919958,933.0014315340443,0.03761066522014062,flat_prompt_advanced_workflow
71,5102.0,124300.0,130.0,795.4597712181392,0.0,99.89963869931753,907.9938569311524,0.030772362452842324,flat_prompt_advanced_workflow
72,4706.0,124443.0,383.0,756.2277729748423,0.0,99.70432016798938,880.4000234845505,0.025177387461416446,flat_prompt_advanced_workflow
73,5506.0,123845.0,181.0,748.312146409288,0.0,99.86026618904981,856.3840458345028,0.020599680650249818,flat_prompt_advanced_workflow
74,2612.0,126478.0,442.0,495.83700549246095,0.2269662921348314,99.65877157767964,790.8300384995861,0.05812088273835556,flat_prompt_advanced_workflow
75,3770.0,125557.0,205.0,915.867817497962,0.0,99.84173794892382,813.5641801356544,0.0475534495132,flat_prompt_advanced_workflow
76,5391.0,123227.0,914.0,907.2873901586348,0.0737833594976452,99.2943828552018,830.6047637761963,0.052322524055826394,flat_prompt_advanced_workflow
77,5750.0,123539.0,243.0,373.9366776698997,0.2909090909090909,99.81240156872433,747.5742026659605,0.09570189984732902,flat_prompt_advanced_workflow
78,6470.0,122979.0,83.0,891.0820960501296,0.0,99.93592316956428,773.6665469176276,0.07830155442054192,flat_prompt_advanced_workflow
79,4638.0,124604.0,290.0,775.530824874096,0.0,99.7761170984776,774.0055065460763,0.06406490816226157,flat_prompt_advanced_workflow
80,4807.0,124636.0,89.0,755.4920532597134,0.0,99.93129110953278,770.639424130374,0.05241674304185037,flat_prompt_advanced_workflow
81,7790.0,121277.0,465.0,851.2977027834664,0.0,99.6410153475589,785.3045657036635,0.0428864261251503,flat_prompt_advanced_workflow
82,4326.0,124697.0,509.0,1139.6498602423158,0.0,99.60704690732793,849.7309828925092,0.0350888941023957,flat_prompt_advanced_workflow
83,4327.0,124671.0,534.0,672.5011722996372,0.068825910931174,99.58774665719667,817.5073809665325,0.04122289716217357,flat_prompt_advanced_workflow
84,3982.0,125409.0,141.0,614.7319828115162,0.0785953177257525,99.89114658925979,780.6391267565295,0.048017882719187915,flat_prompt_advanced_workflow
85,3466.0,125339.0,727.0,439.7190946099616,0.0,99.43874872618349,718.6536663662445,0.039287358588426476,flat_prompt_advanced_workflow
86,6424.0,122804.0,304.0,416.8886356272805,0.1842696629213483,99.76530895840409,663.7872971409784,0.06564777755804863,flat_prompt_advanced_workflow
87,8506.0,120589.0,437.0,727.3776459881592,0.0313253012048192,99.6626316277059,675.3491787495567,0.05940732731200691,flat_prompt_advanced_workflow
88,10336.0,118858.0,338.0,1393.2192610652255,0.0,99.73906061822562,805.8710118978601,0.048605995073460195,flat_prompt_advanced_workflow
89,9236.0,119842.0,454.0,1157.1373333650583,0.0,99.64950745761665,869.737615800987,0.03976854142374016,flat_prompt_advanced_workflow
90,6588.0,122718.0,226.0,669.9725943241626,0.0,99.82552573881357,833.4167028052008,0.03253789752851467,flat_prompt_advanced_workflow
91,7207.0,122008.0,317.0,835.763540067352,0.0492721164613661,99.75527282833585,833.8434004892282,0.03558048278903311,flat_prompt_advanced_workflow
92,6080.0,122618.0,834.0,894.6325891582081,0.0,99.35614365562178,844.8959802472245,0.029111304100118,flat_prompt_advanced_workflow
93,8180.0,121293.0,59.0,1019.538349176932,0.0,99.95445140969026,876.649138234444,0.02381833971827836,flat_prompt_advanced_workflow
94,8299.0,121138.0,95.0,876.402052027071,0.0,99.92665904950128,876.604213469467,0.019487732496773203,flat_prompt_advanced_workflow
95,12347.0,117162.0,23.0,994.3135562826692,0.0588914549653579,99.98224376987925,898.0059121627764,0.026652045672879508,flat_prompt_advanced_workflow
96,12899.0,115722.0,911.0,1228.2947103468648,0.0,99.29669888521755,958.0584209235197,0.021806219186901413,flat_prompt_advanced_workflow
97,11445.0,118073.0,14.0,750.4361898600163,0.0,99.9891918599265,920.308924366519,0.017841452062010245,flat_prompt_advanced_workflow
98,11031.0,118285.0,216.0,1001.378927393788,0.0705705705705705,99.83324583886606,935.0489249169316,0.02742856451811211,flat_prompt_advanced_workflow
99,12510.0,116473.0,549.0,1232.767975438736,0.0,99.57616650711793,989.1796613754414,0.02244155278754627,flat_prompt_advanced_workflow
100,8013.0,121439.0,80.0,1223.3388088601246,0.2020725388601036,99.93823919958002,1031.754051827202,0.05510173207346579,flat_prompt_advanced_workflow
101,7432.0,121539.0,561.0,663.4582907530565,0.0,99.56690238705494,964.7911861773573,0.04508323533283564,flat_prompt_advanced_workflow
102,9036.0,120286.0,210.0,1013.7740245721444,0.0,99.83787789889756,973.6971567945913,0.03688628345413825,flat_prompt_advanced_workflow
103,10156.0,119160.0,216.0,1002.0008776609536,0.0,99.83324583886606,978.8432878612025,0.030179686462476745,flat_prompt_advanced_workflow
104,10426.0,118750.0,356.0,754.5212072831024,0.0599489795918367,99.72516443813112,938.0574550288205,0.035592285213269466,flat_prompt_advanced_workflow
105,11839.0,117615.0,78.0,1239.2053766242784,0.0,99.93978321959052,992.811622591631,0.029120960629038652,flat_prompt_advanced_workflow
106,10917.0,117228.0,1387.0,1111.227317548736,0.0369437447523089,98.92922212271871,1014.3417489474682,0.03054328501508779,flat_prompt_advanced_workflow
107,7064.0,121937.0,531.0,821.826373258184,0.24375,99.59006268721242,979.3389533675984,0.06930814228507183,flat_prompt_advanced_workflow
108,6527.0,122618.0,387.0,831.6729619215168,0.0,99.70123212796838,952.4905912864925,0.05670666186960422,flat_prompt_advanced_workflow
109,7638.0,121878.0,16.0,703.6955706619361,0.0,99.98764783991601,907.2551329911186,0.04639635971149436,flat_prompt_advanced_workflow
110,8179.0,120847.0,506.0,1021.6890426075807,0.0,99.60936293734368,928.0612983759298,0.03796065794576811,flat_prompt_advanced_workflow
111,12003.0,116166.0,1363.0,761.771670425517,0.0320754716981132,98.9477503628447,897.8268205667639,0.036890624082558124,flat_prompt_advanced_workflow
112,12520.0,116924.0,88.0,1220.8347247176468,0.0,99.93206311953803,956.5555304123789,0.030183237885729373,flat_prompt_advanced_workflow
113,5615.0,123775.0,142.0,1034.557401006906,0.4301075268817204,99.89037457925455,970.7376887022928,0.10289674497590956,flat_prompt_advanced_workflow
114,5035.0,123818.0,679.0,602.0049217053358,0.0,99.47580520643548,903.6953674301187,0.08418824588938054,flat_prompt_advanced_workflow
115,3216.0,125810.0,506.0,430.8796810844269,0.0,99.60936293734368,817.7288790036293,0.06888129209131134,flat_prompt_advanced_workflow
116,3949.0,125486.0,97.0,572.9750107074248,0.0,99.92511502949078,773.2281756770467,0.05635742080198201,flat_prompt_advanced_workflow
117,7240.0,121553.0,739.0,697.9977585305995,0.0,99.4294846061205,759.5499180140563,0.04611061701980346,flat_prompt_advanced_workflow
118,6508.0,121873.0,1151.0,545.7770146146917,0.1762452107279693,99.11141648395764,720.68211739599,0.06977145223946997,flat_prompt_advanced_workflow
119,5731.0,123661.0,140.0,897.8925563809615,0.0,99.89191859926505,752.9021972114393,0.05708573365047542,flat_prompt_advanced_workflow
120,6284.0,122812.0,436.0,1038.9288996283212,0.0,99.66340363771114,804.907052196327,0.04670650935038898,flat_prompt_advanced_workflow
121,5109.0,124178.0,245.0,496.688048189786,0.0,99.81085754871383,748.8672332860467,0.038214416741227344,flat_prompt_advanced_workflow
122,5297.0,123968.0,267.0,309.8926246986787,0.0,99.79387332859834,669.0536680883434,0.0312663409700951,flat_prompt_advanced_workflow
123,6985.0,122478.0,69.0,1007.1099712431228,0.0,99.94673130963777,730.5184504801215,0.02558155170280508,flat_prompt_advanced_workflow
124,8287.0,119920.0,1325.0,1170.6432680709947,0.0647571606475716,98.97708674304418,810.5411445875529,0.032704389692762625,flat_prompt_advanced_workflow
125,6231.0,123234.0,67.0,1141.9148492952045,0.0,99.94827532964827,870.7909090798532,0.026758137021351238,flat_prompt_advanced_workflow
126,6492.0,122587.0,453.0,890.7107982404831,0.0,99.6502794676219,874.4127071090586,0.021893021199287373,flat_prompt_advanced_workflow
127,7289.0,121621.0,622.0,1027.0482774104808,0.0,99.5198097767347,902.1646289820444,0.01791247189032603,flat_prompt_advanced_workflow
128,6982.0,121646.0,904.0,885.9916011924824,0.0,99.3021029552543,899.2240784748512,0.01465565881935766,flat_prompt_advanced_workflow
129,7594.0,121614.0,324.0,877.6941182109263,0.0,99.74986875829912,895.3095402450466,0.011990993579474448,flat_prompt_advanced_workflow
130,5782.0,123664.0,86.0,810.8166568586001,0.0,99.93360713954853,879.9471978111471,0.00981081292866091,flat_prompt_advanced_workflow
131,6650.0,122205.0,677.0,394.8350767098768,0.0633093525179856,99.47734922644598,791.7449939745525,0.019537820126719944,flat_prompt_advanced_workflow
132,6731.0,121983.0,818.0,887.9924342139813,0.0,99.36849581570577,809.2445285635395,0.015985489194589045,flat_prompt_advanced_workflow
133,9297.0,119856.0,379.0,845.6661913781276,0.0,99.70740820801038,815.8666490752827,0.013079036613754673,flat_prompt_advanced_workflow
134,8584.0,120765.0,183.0,1015.5282981300973,0.0,99.85872216903931,852.1687670852489,0.010701029956708368,flat_prompt_advanced_workflow
135,9956.0,119494.0,82.0,888.6151919341373,0.0560949298813376,99.93669517956953,858.7953897850467,0.018954466306640955,flat_prompt_advanced_workflow
136,10220.0,119223.0,89.0,1140.640995542171,0.0,99.93129110953278,910.0400453772511,0.015508199705433507,flat_prompt_advanced_workflow
137,9627.0,119523.0,382.0,1044.397349072006,0.0573248407643312,99.70509217799463,934.4686460490246,0.023111225352505815,flat_prompt_advanced_workflow
138,9951.0,119117.0,464.0,1003.1335743287788,0.0,99.64178735756416,946.9531784635253,0.01890918437932294,flat_prompt_advanced_workflow
139,7897.0,121630.0,5.0,921.2105444964216,0.0,99.99613994997375,942.2726995604155,0.015471150855809678,flat_prompt_advanced_workflow
140,6830.0,122666.0,36.0,724.9238159425491,0.0,99.97220763981102,902.7547207208034,0.012658214336571553,flat_prompt_advanced_workflow
141,6264.0,122794.0,474.0,740.300659418098,0.0739495798319327,99.63406725751166,873.217618665766,0.023802098972091762,flat_prompt_advanced_workflow
142,4321.0,124784.0,427.0,606.7496254191242,0.0,99.67035172775839,824.768892620922,0.019474444613529623,flat_prompt_advanced_workflow
143,4801.0,124484.0,247.0,600.3050742883195,0.0,99.80931352870334,783.9572892877214,0.015933636501978782,flat_prompt_advanced_workflow
144,4032.0,125345.0,155.0,482.7742020149793,0.0,99.8803384491863,729.1967279654045,0.013036611683437185,flat_prompt_advanced_workflow
145,4672.0,124252.0,608.0,588.6721992659624,0.0,99.53061791680821,703.646813656415,0.01066631865008497,flat_prompt_advanced_workflow
146,4046.0,125446.0,40.0,458.9306604307853,0.0,99.96911959979002,659.1529676153914,0.008726987986433156,flat_prompt_advanced_workflow
147,3494.0,125501.0,537.0,308.0509038253796,0.0,99.58543062718093,595.3162287444801,0.007140262897990763,flat_prompt_advanced_workflow
148,3814.0,125501.0,217.0,307.20771587880324,0.0,99.83247382886083,542.9328627689024,0.0058420332801742605,flat_prompt_advanced_workflow
149,1891.0,127198.0,443.0,159.25585979547844,0.0,99.6579995676744,473.17340768282526,0.004779845411051667,flat_prompt_advanced_workflow
150,,,,0.0,0.0,99.6579995676744,387.14187901322066,0.003910782609042273,flat_prompt_advanced_workflow
151,,,,0.0,0.0,99.6579995676744,316.7524464653623,0.003199731225580041,flat_prompt_advanced_workflow
152,,,,0.0,0.0,99.6579995676744,259.16109256256914,0.0026179619118382154,flat_prompt_advanced_workflow
153,,,,0.0,0.0,99.6579995676744,212.04089391482927,0.0021419688369585395,flat_prompt_advanced_workflow
154,,,,0.0,0.0,99.6579995676744,173.488004112133,0.0017525199575115322,flat_prompt_advanced_workflow
155,,,,0.0,0.0,99.6579995676744,141.94473063719974,0.0014338799652367082,flat_prompt_advanced_workflow
156,,,,0.0,0.0,99.6579995676744,116.1365977940725,0.001173174517011852,flat_prompt_advanced_workflow
157,,,,0.0,0.0,99.6579995676744,95.02085274060477,0.0009598700593733334,flat_prompt_advanced_workflow
158,,,,0.0,0.0,99.6579995676744,77.74433406049481,0.0007853482303963636,flat_prompt_advanced_workflow
159,,,,0.0,0.0,99.6579995676744,63.609000594950295,0.0006425576430515702,flat_prompt_advanced_workflow
160,,,,0.0,0.0,99.6579995676744,52.04372775950478,0.0005257289806785574,flat_prompt_advanced_workflow
161,,,,0.0,0.0,99.6579995676744,42.581231803231184,0.000430141893282456,flat_prompt_advanced_workflow
162,,,,0.0,0.0,99.6579995676744,34.839189657189145,0.00035193427632200947,flat_prompt_advanced_workflow
163,,,,0.0,0.0,99.6579995676744,28.504791537700207,0.0002879462260816441,flat_prompt_advanced_workflow
164,,,,0.0,0.0,99.6579995676744,23.32210216720926,0.00023559236679407243,flat_prompt_advanced_workflow
165,,,,0.0,0.0,99.6579995676744,19.081719954989392,0.00019275739101333198,flat_prompt_advanced_workflow
166,,,,0.0,0.0,99.6579995676744,15.612316326809502,0.0001577105926472716,flat_prompt_advanced_workflow
167,,,,0.0,0.0,99.6579995676744,12.773713358298682,0.00012903593943867675,flat_prompt_advanced_workflow
168,,,,0.0,0.0,99.6579995676744,10.451220020426193,0.00010557485954073552,flat_prompt_advanced_workflow
169,,,,0.0,0.0,99.6579995676744,8.550998198530522,8.637943053332906e-05,flat_prompt_advanced_workflow
170,,,,0.0,0.0,99.6579995676744,6.996271253343154,7.067407952726923e-05,flat_prompt_advanced_workflow
171,,,,0.0,0.0,99.6579995676744,5.724221934553489,5.782424688594755e-05,flat_prompt_advanced_workflow
172,,,,0.0,0.0,99.6579995676744,4.683454310089218,4.7310747452138906e-05,flat_prompt_advanced_workflow
173,,,,0.0,0.0,99.6579995676744,3.8319171628002686,3.8708793369931826e-05,flat_prompt_advanced_workflow
174,,,,0.0,0.0,99.6579995676744,3.135204951382038,3.167083093903513e-05,flat_prompt_advanced_workflow
175,,,,0.0,0.0,99.6579995676744,2.5651676874943945,2.591249804102874e-05,flat_prompt_advanced_workflow
176,,,,0.0,0.0,99.6579995676744,2.0987735624954134,2.1201134760841692e-05,flat_prompt_advanced_workflow
177,,,,0.0,0.0,99.6579995676744,1.717178369314429,1.7346382986143202e-05,flat_prompt_advanced_workflow
178,,,,0.0,0.0,99.6579995676744,1.404964120348169,1.4192495170480801e-05,flat_prompt_advanced_workflow
179,,,,0.0,0.0,99.6579995676744,1.1495160984666837,1.1612041503120654e-05,flat_prompt_advanced_workflow
180,,,,0.0,0.0,99.6579995676744,0.9405131714727412,9.500761229825989e-06,flat_prompt_advanced_workflow
181,,,,0.0,0.0,99.6579995676744,0.7695107766595154,7.773350097130355e-06,flat_prompt_advanced_workflow
182,,,,0.0,0.0,99.6579995676744,0.6295997263577853,6.360013715833926e-06,flat_prompt_advanced_workflow
183,,,,0.0,0.0,99.6579995676744,0.5151270488381879,5.2036475856823026e-06,flat_prompt_advanced_workflow
184,,,,0.0,0.0,99.6579995676744,0.42146758541306284,4.257529842830975e-06,flat_prompt_advanced_workflow
185,,,,0.0,0.0,99.6579995676744,0.34483711533796046,3.4834335077707975e-06,flat_prompt_advanced_workflow
186,,,,0.0,0.0,99.6579995676744,0.2821394580037858,2.8500819609033795e-06,flat_prompt_advanced_workflow
187,,,,0.0,0.0,99.6579995676744,0.2308413747303702,2.3318852407391285e-06,flat_prompt_advanced_workflow
188,,,,0.0,0.0,99.6579995676744,0.1888702156884847,1.9079061060592867e-06,flat_prompt_advanced_workflow
189,,,,0.0,0.0,99.6579995676744,0.15453017647239656,1.56101408677578e-06,flat_prompt_advanced_workflow
190,,,,0.0,0.0,99.6579995676744,0.12643378075014264,1.277193343725638e-06,flat_prompt_advanced_workflow
191,,,,0.0,0.0,99.6579995676744,0.10344582061375306,1.0449763721391582e-06,flat_prompt_advanced_workflow
192,,,,0.0,0.0,99.6579995676744,0.08463748959307067,8.549806681138566e-07,flat_prompt_advanced_workflow
193,,,,0.0,0.0,99.6579995676744,0.06924885512160327,6.995296375477008e-07,flat_prompt_advanced_workflow
194,,,,0.0,0.0,99.6579995676744,0.05665815419040267,5.723424307208461e-07,flat_prompt_advanced_workflow
195,,,,0.0,0.0,99.6579995676744,0.046356671610329456,4.682801705897831e-07,flat_prompt_advanced_workflow
196,,,,0.0,0.0,99.6579995676744,0.03792818586299682,3.831383213916407e-07,flat_prompt_advanced_workflow
197,,,,0.0,0.0,99.6579995676744,0.03103215206972467,3.134768084113424e-07,flat_prompt_advanced_workflow
198,,,,0.0,0.0,99.6579995676744,0.025389942602502002,2.5648102506382556e-07,flat_prompt_advanced_workflow
199,,,,0.0,0.0,99.6579995676744,0.020773589402047092,2.0984811141585728e-07,flat_prompt_advanced_workflow
200,,,,0.0,0.0,99.6579995676744,0.016996573147129438,1.7169390934024685e-07,flat_prompt_advanced_workflow
201,,,,0.0,0.0,99.6579995676744,0.01390628712037863,1.404768349147474e-07,flat_prompt_advanced_workflow
202,,,,0.0,0.0,99.6579995676744,0.011377871280309787,1.1493559220297515e-07,flat_prompt_advanced_workflow
203,,,,0.0,0.0,99.6579995676744,0.009309167411162552,9.403821180243421e-08,flat_prompt_advanced_workflow
204,,,,0.0,0.0,99.6579995676744,0.0076165915182239054,7.694035511108252e-08,flat_prompt_advanced_workflow
205,,,,0.0,0.0,99.6579995676744,0.006231756696728649,6.295119963634024e-08,flat_prompt_advanced_workflow
206,,,,0.0,0.0,99.6579995676744,0.005098710024596167,5.150552697518746e-08,flat_prompt_advanced_workflow
207,,,,0.0,0.0,99.6579995676744,0.004171671838305955,4.2140885706971556e-08,flat_prompt_advanced_workflow
208,,,,0.0,0.0,99.6579995676744,0.003413186049523054,3.447890648752218e-08,flat_prompt_advanced_workflow
209,,,,0.0,0.0,99.6579995676744,0.0027926067677915894,2.821001439888178e-08,flat_prompt_advanced_workflow
210,,,,0.0,0.0,99.6579995676744,0.002284860082738573,2.3080920871812364e-08,flat_prompt_advanced_workflow
211,,,,0.0,0.0,99.6579995676744,0.0018694309767861052,1.8884389804210115e-08,flat_prompt_advanced_workflow
212,,,,0.0,0.0,99.6579995676744,0.0015295344355522678,1.545086438526282e-08,flat_prompt_advanced_workflow
213,,,,0.0,0.0,99.6579995676744,0.0012514372654518554,1.2641616315215035e-08,flat_prompt_advanced_workflow
214,,,,0.0,0.0,99.6579995676744,0.0010239032171878817,1.0343140621539574e-08,flat_prompt_advanced_workflow
215,,,,0.0,0.0,99.6579995676744,0.0008377389958809941,8.462569599441469e-09,flat_prompt_advanced_workflow
216,,,,0.0,0.0,99.6579995676744,0.0006854228148117224,6.923920581361201e-09,flat_prompt_advanced_workflow
217,,,,0.0,0.0,99.6579995676744,0.0005608004848459547,5.665025930204619e-09,flat_prompt_advanced_workflow
218,,,,0.0,0.0,99.6579995676744,0.00045883676032850833,4.635021215621961e-09,flat_prompt_advanced_workflow
219,,,,0.0,0.0,99.6579995676744,0.0003754118948142341,3.792290085508877e-09,flat_prompt_advanced_workflow
220,,,,0.0,0.0,99.6579995676744,0.0003071551866661915,3.1027827972345354e-09,flat_prompt_advanced_workflow
221,,,,0.0,0.0,99.6579995676744,0.0002513087890905203,2.5386404704646196e-09,flat_prompt_advanced_workflow
222,,,,0.0,0.0,99.6579995676744,0.00020561628198315296,2.0770694758346885e-09,flat_prompt_advanced_workflow
223,,,,0.0,0.0,99.6579995676744,0.00016823150344076151,1.6994204802283814e-09,flat_prompt_advanced_workflow
224,,,,0.0,0.0,99.6579995676744,0.00013764395736062305,1.3904349383686756e-09,flat_prompt_advanced_workflow
225,,,,0.0,0.0,99.6579995676744,0.00011261778329505521,1.1376285859380072e-09,flat_prompt_advanced_workflow
226,,,,0.0,0.0,99.6579995676744,9.214182269595426e-05,9.307870248583694e-10,flat_prompt_advanced_workflow
227,,,,0.0,0.0,99.6579995676744,7.538876402396258e-05,7.615530203386659e-10,flat_prompt_advanced_workflow
228,,,,0.0,0.0,99.6579995676744,6.168171601960574e-05,6.230888348225448e-10,flat_prompt_advanced_workflow
229,,,,0.0,0.0,99.6579995676744,5.04668585614956e-05,5.097999557639002e-10,flat_prompt_advanced_workflow
230,,,,0.0,0.0,99.6579995676744,4.1291066095769125e-05,4.171090547159183e-10,flat_prompt_advanced_workflow
231,,,,0.0,0.0,99.6579995676744,3.378359953290201e-05,3.412710447675695e-10,flat_prompt_advanced_workflow
232,,,,0.0,0.0,99.6579995676744,2.7641126890556187e-05,2.7922176390073864e-10,flat_prompt_advanced_workflow
233,,,,0.0,0.0,99.6579995676744,2.2615467455909606e-05,2.2845417046424068e-10,flat_prompt_advanced_workflow
234,,,,0.0,0.0,99.6579995676744,1.850356428210786e-05,1.8691704856165146e-10,flat_prompt_advanced_workflow
235,,,,0.0,0.0,99.6579995676744,1.5139279867179157e-05,1.529321306413512e-10,flat_prompt_advanced_workflow
236,,,,0.0,0.0,99.6579995676744,1.2386683527692036e-05,1.2512628870656006e-10,flat_prompt_advanced_workflow
237,,,,0.0,0.0,99.6579995676744,1.0134559249929847e-05,1.023760543962764e-10,flat_prompt_advanced_workflow
238,,,,0.0,0.0,99.6579995676744,8.291912113578965e-06,8.376222632422614e-11,flat_prompt_advanced_workflow
239,,,,0.0,0.0,99.6579995676744,6.78429172929188e-06,6.853273062891229e-11,flat_prompt_advanced_workflow
0,7.0,0.0,129266.0,0.0,0.0,0.00541489715563188,0.0,0.0,static_first_advanced_workflow
1,392.0,1485.0,127396.0,348.74363559751185,0.0,1.4519659944458627,63.407933745002154,0.0,static_first_advanced_workflow
2,0.0,1953.0,127320.0,0.0,0.0,1.5107563064212945,51.87921851863812,0.0,static_first_advanced_workflow
3,0.0,1953.0,127320.0,0.0,0.0,1.5107563064212945,42.44663333343119,0.0,static_first_advanced_workflow
4,0.0,1953.0,127320.0,0.0,0.0,1.5107563064212945,34.7290636364437,0.0,static_first_advanced_workflow
5,2411.0,1693.0,125169.0,561.3891062237518,0.0,3.1746768466733197,130.48543501595427,0.0,static_first_advanced_workflow
6,4564.0,1595.0,123114.0,856.5375720756772,0.0,4.764335940219536,262.4949144813584,0.0,static_first_advanced_workflow
7,6465.0,2067.0,120741.0,1650.8318872006544,0.0,6.599986075978742,514.9198186121395,0.0,static_first_advanced_workflow
8,3132.0,6886.0,119255.0,862.541644310499,0.0,7.749491386445739,578.123786920932,0.0,static_first_advanced_workflow
9,959.0,9571.0,118743.0,294.4353566200841,0.0,8.145552435543385,526.5440723207778,0.0,static_first_advanced_workflow
10,2556.0,10222.0,116495.0,297.0486981588229,0.093954248366013,9.884507979237737,484.81764065496776,0.017082590612002364,static_first_advanced_workflow
11,4326.0,10003.0,114944.0,535.0551758002711,0.0,11.084294477578457,493.95173795411375,0.01397666504618375,static_first_advanced_workflow
12,8564.0,10188.0,110521.0,683.9605887410564,0.0939420544337137,14.505735923201287,528.4988017335578,0.02851582675300738,static_first_advanced_workflow
13,11526.0,11118.0,106629.0,1650.0619443554394,0.0,17.51641874173261,732.4193731193544,0.02333113097973331,static_first_advanced_workflow
14,9683.0,14255.0,105335.0,1387.765921233021,0.0,18.51740115878799,851.5732909582028,0.019089107165236343,static_first_advanced_workflow
15,3007.0,24454.0,101812.0,396.3568142759856,0.0988593155893536,21.242641541543865,768.8066588341633,0.03359278142416675,static_first_advanced_workflow
16,3491.0,24454.0,101328.0,612.7906912436038,0.0,21.61704300201898,740.4401192722434,0.027485002983409158,static_first_advanced_workflow
17,4655.0,24374.0,100244.0,753.1758837977931,0.0,22.455578504405405,742.7557128223432,0.0224877297136984,static_first_advanced_workflow
18,7783.0,26024.0,95466.0,886.9360473711432,0.1142857142857142,26.151632591492422,768.9703191039431,0.03917827236315582,static_first_advanced_workflow
19,10304.0,26964.0,92005.0,1027.2254623491206,0.1460101867572156,28.828912456584128,815.9257996939754,0.05860225679843942,static_first_advanced_workflow
20,11204.0,28908.0,89161.0,1512.4340243184784,0.0,31.028907815243713,942.5636587166122,0.047947301016904975,static_first_advanced_workflow
21,9416.0,33974.0,85883.0,1476.093956706819,0.0,33.564626797552464,1039.5691674421041,0.03922960992292225,static_first_advanced_workflow
22,8121.0,37419.0,83733.0,1102.3025842092572,0.0,35.227773781067974,1050.97524321795,0.03209695357330002,static_first_advanced_workflow
23,9983.0,39038.0,80252.0,653.380124748506,0.191860465116279,37.920524780890055,978.6852216780511,0.06114486476293256,static_first_advanced_workflow
24,9880.0,40615.0,78778.0,1388.46312349784,0.0,39.06074741051883,1053.1902947361943,0.05002761662421754,static_first_advanced_workflow
25,9961.0,43011.0,76301.0,757.3041290464207,0.0,40.97684744687599,999.3928100653263,0.04093168632890526,static_first_advanced_workflow
26,9510.0,45298.0,74465.0,1143.9904737923896,0.0,42.39709761512458,1025.683294379338,0.033489561541831574,static_first_advanced_workflow
27,7069.0,50685.0,71519.0,750.1310097123934,0.0,44.67599576090908,975.582878985348,0.02740055035240765,static_first_advanced_workflow
28,6767.0,52247.0,70259.0,1079.4620637806024,0.1130742049469964,45.65067724892282,994.4700034935761,0.0429775784605147,static_first_advanced_workflow
29,6980.0,53661.0,68632.0,1033.269647881257,0.0,46.909254059238975,1001.5244842913362,0.03516347328587566,static_first_advanced_workflow
30,7370.0,54098.0,67805.0,982.394889739955,0.0,47.54898548034006,998.046376191085,0.028770114506625536,static_first_advanced_workflow
31,7391.0,55272.0,66610.0,898.6293103997803,0.0,48.47338578048007,979.9705460472113,0.023539184596329983,static_first_advanced_workflow
32,8363.0,56691.0,64219.0,570.3602212835174,0.1746031746031746,50.32295993749661,905.4959415447215,0.05100536459757446,static_first_advanced_workflow
33,9977.0,56691.0,62605.0,1258.868677380617,0.0,51.57148051023802,969.7455298785206,0.04173166194347001,static_first_advanced_workflow
34,5847.0,62604.0,60822.0,829.9446401997797,0.0,52.95073217145112,944.3271863005676,0.034144087044657274,static_first_advanced_workflow
35,4526.0,65251.0,59496.0,403.608051805002,0.0,53.97646840407509,846.0146163922828,0.02793607121835595,static_first_advanced_workflow
36,4244.0,66144.0,58885.0,698.2379681805076,0.0,54.44911157008811,819.1461348992327,0.02285678554229123,static_first_advanced_workflow
37,2483.0,69789.0,57001.0,917.3666071093368,0.0,55.9064924616896,837.004402573797,0.018701006352783732,static_first_advanced_workflow
38,3528.0,70859.0,54886.0,619.127263505675,0.1267874165872259,57.54256495942695,797.3903772886839,0.03835308094086413,static_first_advanced_workflow
39,3312.0,72118.0,53843.0,677.1257680625184,0.0,58.3493846356161,775.5240847021083,0.031379793497070645,static_first_advanced_workflow
40,3163.0,73701.0,52409.0,464.1992670045792,0.0,59.45866499578412,718.9195723934666,0.025674376497603252,static_first_advanced_workflow
41,2941.0,75737.0,50595.0,678.095645688872,0.0,60.86189691582929,711.4970402653585,0.021006308043493568,static_first_advanced_workflow
42,3785.0,76275.0,49213.0,584.9693433752251,0.0,61.93095232569833,688.4920044671524,0.01718697930831292,static_first_advanced_workflow
43,2688.0,77969.0,48616.0,455.1656539547132,0.0,62.39276569740008,646.0690316467088,0.014062073979528751,static_first_advanced_workflow
44,1638.0,80517.0,47118.0,308.75281006812503,0.0,63.5515536887053,584.7388095415117,0.011505333255978068,static_first_advanced_workflow
45,4367.0,80236.0,44670.0,468.98050391701327,0.2807017543859649,65.44522057970342,563.691844882512,0.06045013709779386,static_first_advanced_workflow
46,4242.0,81567.0,43464.0,719.8743773748241,0.0,66.37813000394513,592.0886689720232,0.04945920308001315,static_first_advanced_workflow
47,7394.0,81469.0,40410.0,576.9039736228925,0.0,68.74057227727369,589.3278152721813,0.04046662070182894,static_first_advanced_workflow
48,13701.0,80914.0,34658.0,553.7805301661366,0.1991924629878869,73.19007062573004,582.8646725256276,0.06932586475383948,static_first_advanced_workflow
49,13128.0,83854.0,32291.0,1629.384311241189,0.0,75.02107942107014,773.1409704739115,0.0567211620713232,static_first_advanced_workflow
50,12036.0,87798.0,29439.0,1224.4070691714967,0.0,77.22726323362187,855.1893520552906,0.0464082235129008,static_first_advanced_workflow
51,7183.0,95196.0,26894.0,1057.3060617179922,0.0,79.19596512806231,891.9378447212363,0.03797036469237337,static_first_advanced_workflow
52,7834.0,96092.0,25347.0,1023.1699428009867,0.0,80.39265739945697,915.7982261902818,0.031066662021032757,static_first_advanced_workflow
53,8518.0,97639.0,23116.0,1144.3402773310024,0.2206896551724138,82.11846247863049,957.3513263976855,0.0655435698667384,static_first_advanced_workflow
54,8762.0,99857.0,20654.0,944.4250279739975,0.0,84.02295916393989,955.0010903206512,0.05362655716369505,static_first_advanced_workflow
55,8395.0,101459.0,19419.0,1018.452834036122,0.0,84.97830173354065,966.5377709961913,0.04387627404302322,static_first_advanced_workflow
56,7409.0,103384.0,18480.0,843.1321000383734,0.0,85.70467150913184,944.1003762765879,0.03589876967156445,static_first_advanced_workflow
57,7297.0,106617.0,15359.0,742.0771282010733,0.1029411764705882,88.11894208380714,907.3688766264943,0.048088298180477856,static_first_advanced_workflow
58,7371.0,108314.0,13588.0,882.9950603787556,0.0,89.48891106418199,902.93727367236,0.039344971238572786,static_first_advanced_workflow
59,10516.0,108073.0,10684.0,1014.7060440986666,0.1005256241787122,91.73531982703271,923.2588682953248,0.05046872631859813,static_first_advanced_workflow
60,10859.0,110598.0,7816.0,728.3790734526418,0.0,93.95388054736875,887.8261783239278,0.041292594260671195,static_first_advanced_workflow
61,12147.0,111577.0,5549.0,741.3082362696337,0.0,95.70753366905696,861.1865524958743,0.033784849849640065,static_first_advanced_workflow
62,10737.0,114897.0,3639.0,1148.6903028346337,0.0,97.18502703580793,913.4599616483758,0.027642149876978234,static_first_advanced_workflow
63,11020.0,116313.0,1940.0,1135.7442201818071,0.0,98.49929993115344,953.875281381727,0.02261630444480037,static_first_advanced_workflow
64,10964.0,117250.0,1059.0,993.1238974302332,0.0,99.18080341602655,961.0113933905462,0.0185042490912003,static_first_advanced_workflow
65,7941.0,121332.0,0.0,795.1732888211993,0.0,100.0,930.859010741574,0.015139840165527519,static_first_advanced_workflow
66,4169.0,125076.0,28.0,630.2418119412985,0.0,99.97834041137747,876.2013382324329,0.012387141953613423,static_first_advanced_workflow
67,4099.0,124886.0,288.0,793.9214970117316,0.0,99.77721565988259,861.2413671013963,0.010134934325683709,static_first_advanced_workflow
68,6389.0,122840.0,44.0,586.5549119839237,0.5680473372781065,99.96596350359317,811.2983752618558,0.11157355304430604,static_first_advanced_workflow
69,5750.0,123154.0,369.0,917.8338565807504,0.0,99.71455756422455,830.6684627743821,0.09128745249079584,static_first_advanced_workflow
70,4814.0,124276.0,183.0,746.7109018201082,0.1557522123893805,99.85843911721706,815.4034516917868,0.10300831792690214,static_first_advanced_workflow
71,4963.0,123792.0,518.0,483.72133396541824,0.0,99.59929761048323,755.0976121051743,0.08427953284928356,static_first_advanced_workflow
72,7709.0,121153.0,411.0,896.4336563571028,0.3899721448467966,99.68206818129076,780.795074696434,0.1398600077579223,static_first_advanced_workflow
73,6011.0,122770.0,492.0,1032.266735886804,0.1833333333333333,99.61941008563274,826.5171949128649,0.14776424877163336,static_first_advanced_workflow
74,2087.0,126993.0,193.0,475.375917697011,0.0,99.85070354985186,762.6733263281641,0.12089802172224547,static_first_advanced_workflow
75,1610.0,127385.0,278.0,211.27142934934972,0.0,99.78495122724776,662.4184359683796,0.09891656322729174,static_first_advanced_workflow
76,2572.0,126556.0,145.0,465.2199149199744,0.0,99.88783427320477,626.5641594141241,0.08093173354960233,static_first_advanced_workflow
77,3947.0,125271.0,55.0,1019.9107733874029,0.0,99.95745437949147,698.0817255910838,0.06621687290422008,static_first_advanced_workflow
78,4184.0,124672.0,417.0,854.7995391354607,0.0,99.67742684087165,726.5758735082431,0.05417744146708916,static_first_advanced_workflow
79,3520.0,125005.0,748.0,480.2619066209994,0.0,99.42137956108391,681.7915158923806,0.044326997563982035,static_first_advanced_workflow
80,3520.0,125333.0,420.0,697.5801163031249,0.0,99.67510617066209,684.662170512516,0.036267543461439844,static_first_advanced_workflow
81,2208.0,126486.0,579.0,331.78094201484924,0.0,99.55211064955559,620.5019471493039,0.02967344465026896,static_first_advanced_workflow
82,3063.0,125516.0,694.0,311.548410671292,0.2558528428093645,99.46315162485593,564.3285768805744,0.07079697158828632,static_first_advanced_workflow
83,6203.0,121478.0,1592.0,399.8325342296391,0.1314410480349345,98.76849767546202,534.4202054894952,0.08182316730585872,static_first_advanced_workflow
84,8214.0,120435.0,624.0,1171.338857955433,0.1679790026246719,99.51730059641224,650.2235968469383,0.09748786463655203,static_first_advanced_workflow
85,8731.0,120438.0,104.0,703.0801081788823,0.0,99.91955009940204,659.8338716345644,0.0797627983389971,static_first_advanced_workflow
86,7002.0,121948.0,323.0,885.932182104888,0.0,99.75014117410441,700.9426553564415,0.06526047136827036,static_first_advanced_workflow
87,5791.0,122898.0,584.0,830.5101923140562,0.0,99.548242865873,724.5003893487351,0.05339493111949393,static_first_advanced_workflow
88,5551.0,121961.0,1761.0,522.6531444943979,0.0,98.63776658699032,687.8008902843101,0.043686761825040485,static_first_advanced_workflow
89,8593.0,120263.0,417.0,1161.4393005843206,0.0,99.67742684087165,773.9169648843119,0.035743714220487666,static_first_advanced_workflow
90,11005.0,117850.0,418.0,589.6190050619447,0.0,99.67665328413511,740.4082449166087,0.029244857089489908,static_first_advanced_workflow
91,7844.0,120834.0,595.0,836.7987226815725,0.0,99.53973374177129,757.9337863284202,0.023927610345946287,static_first_advanced_workflow
92,10436.0,118454.0,383.0,1154.5188553490393,0.128552097428958,99.70372776991329,830.0401625139873,0.04295024436103933,static_first_advanced_workflow
93,8849.0,119916.0,508.0,1270.1459615034207,0.0,99.60703317784842,910.0593986938843,0.03514110902266854,static_first_advanced_workflow
94,10296.0,117846.0,1131.0,937.0178603070012,0.0775911986103068,99.1251073309972,914.9609371689965,0.04285930712951186,static_first_advanced_workflow
95,6923.0,121900.0,450.0,820.7425199756041,0.0,99.65189946856651,897.8303158611068,0.035066705833236976,static_first_advanced_workflow
96,7643.0,120793.0,837.0,877.1764328058539,0.0,99.35253301153372,894.0750643965154,0.028690941136284797,static_first_advanced_workflow
97,8213.0,120982.0,78.0,1019.6372446740678,0.0,99.93966257455153,916.9045517197067,0.023474406384233013,static_first_advanced_workflow
98,9053.0,119815.0,405.0,1011.6288104677512,0.0,99.68670952170987,934.1271442193511,0.019206332496190647,static_first_advanced_workflow
99,11598.0,117288.0,387.0,723.4591016203241,0.0,99.70063354296721,895.8238637468007,0.0157142720423378,static_first_advanced_workflow
100,13147.0,115744.0,382.0,1222.22827866549,0.0,99.7045013266498,955.1701210047443,0.012857131671003654,static_first_advanced_workflow
101,10014.0,119019.0,240.0,747.1058721812889,0.0,99.81434638323547,917.3402575822977,0.010519471367184808,static_first_advanced_workflow
102,8228.0,120982.0,63.0,750.0006744697246,0.0,99.9512659255993,886.914878834557,0.008606840209514842,static_first_advanced_workflow
103,5089.0,123550.0,634.0,694.824514931708,0.1699882766705744,99.50956502904705,851.989358124948,0.037948919566071125,static_first_advanced_workflow
104,6782.0,122292.0,199.0,748.1495829338238,0.0808646917534027,99.84606220943274,833.1093989992889,0.04575178723649505,static_first_advanced_workflow
105,8291.0,120471.0,511.0,558.217775499015,0.0,99.60471250763887,783.129103817421,0.03743328046622322,static_first_advanced_workflow
106,9142.0,119315.0,816.0,717.2150545523516,0.4895104895104895,99.36877770300062,771.1447312237719,0.1196291366560898,static_first_advanced_workflow
107,8181.0,121091.0,1.0,1163.268246343429,0.0,99.99922644326348,842.4399157909822,0.09787838453680074,static_first_advanced_workflow
108,8752.0,119461.0,1060.0,1014.7885203550114,0.0,99.18002985929003,873.7760257117147,0.08008231462101878,static_first_advanced_workflow
109,9399.0,119609.0,265.0,1008.8606137908944,0.0,99.7950074648225,898.3368599079291,0.06552189378083355,static_first_advanced_workflow
110,6671.0,122461.0,141.0,769.3663277735806,0.0,99.89092850015085,874.8876722471384,0.05360882218431835,static_first_advanced_workflow
111,5912.0,122555.0,806.0,1042.038113710994,0.0,99.37651327036582,905.2786616042031,0.04386176360535138,static_first_advanced_workflow
112,6182.0,122823.0,268.0,598.1322131816476,0.0,99.79268679461295,849.433852800102,0.035886897495287486,static_first_advanced_workflow
113,3880.0,125216.0,177.0,553.7000233748213,0.0,99.86308045763617,795.6640656318691,0.02936200704159885,static_first_advanced_workflow
114,4455.0,124584.0,234.0,939.407907043214,0.0,99.8189877236546,821.7993095248409,0.02402346030676269,static_first_advanced_workflow
115,5736.0,123192.0,345.0,906.809777570434,0.1348214285714285,99.733122925901,837.2557582604031,0.04416854544579284,static_first_advanced_workflow
116,6405.0,121976.0,892.0,1064.1848764901642,0.0,99.30998739102519,878.5155979385414,0.03613790081928504,static_first_advanced_workflow
117,6755.0,121526.0,992.0,1045.117909429952,0.0,99.23263171737331,908.806927300616,0.029567373397596852,static_first_advanced_workflow
118,4178.0,124690.0,405.0,459.7613325144939,0.0,99.68670952170987,827.1622737031392,0.024191487325306512,static_first_advanced_workflow
119,2339.0,126918.0,16.0,312.25993919452907,0.0,99.9876230922157,733.5436674288463,0.01979303508434169,static_first_advanced_workflow
120,2659.0,126316.0,298.0,309.6044653570332,0.0,99.76948009251738,656.4638125066984,0.0161943014326432,static_first_advanced_workflow
121,2895.0,125495.0,883.0,142.0878200658751,0.0,99.31694940165386,562.9409047901851,0.013249882990344436,static_first_advanced_workflow
122,3215.0,125495.0,563.0,308.1522984801318,0.0,99.5644875573399,516.6157036429026,0.010840813355736357,static_first_advanced_workflow
123,2705.0,126351.0,217.0,309.71759152538414,0.0,99.8321381881754,478.99786507608104,0.00886975638196611,static_first_advanced_workflow
124,4047.0,123713.0,1513.0,344.6631908216574,0.1396226415094339,98.829608657647,454.573378848004,0.03264300822332389,static_first_advanced_workflow
125,5798.0,122533.0,942.0,545.2267327311483,0.0,99.27130955419925,471.0558068267575,0.02670791581908318,static_first_advanced_workflow
126,7293.0,121164.0,816.0,1027.4957495613037,0.0,99.36877770300062,572.2267055057658,0.02185193112470442,static_first_advanced_workflow
127,7014.0,121482.0,777.0,635.6642334770373,0.0,99.39894641572486,583.7608015005425,0.017878852738394523,static_first_advanced_workflow
128,7513.0,121114.0,646.0,771.2366010420709,0.0,99.50028234820883,617.8473105080931,0.01462815224050461,static_first_advanced_workflow
129,7738.0,121332.0,203.0,635.0800559753054,0.078125,99.84296798248667,620.980536956677,0.026173033651321953,static_first_advanced_workflow
130,7496.0,121427.0,350.0,1023.424341003071,0.0,99.7292551422184,694.152137692385,0.021414300260172506,static_first_advanced_workflow
131,7883.0,121187.0,203.0,1017.4729762087808,0.1457831325301204,99.84296798248667,752.9377446953661,0.04402681521834485,static_first_advanced_workflow
132,8295.0,120970.0,8.0,1017.2008888272856,0.0,99.99381154610785,800.9855890829876,0.03602193972410033,static_first_advanced_workflow
133,7240.0,122008.0,25.0,882.9692537169495,0.0,99.98066108158703,815.8917099255261,0.02947249613790027,static_first_advanced_workflow
134,4717.0,124504.0,52.0,623.3668544014992,0.0,99.95977504970102,780.8871907393393,0.024113860476463855,static_first_advanced_workflow
135,5357.0,123829.0,87.0,599.7346414110117,0.0,99.93270056392286,747.9503635887343,0.01972952220801588,static_first_advanced_workflow
136,3553.0,124468.0,1252.0,478.7522292135205,0.0,99.0315069658784,699.0052482477863,0.016142336352012992,static_first_advanced_workflow
137,2499.0,125865.0,909.0,311.9581092672515,0.0,99.29683692650437,628.6330411604163,0.013207366106192447,static_first_advanced_workflow
138,2819.0,125865.0,589.0,309.66443302700424,0.0,99.54437508219041,570.6387487725232,0.010806026814157457,static_first_advanced_workflow
139,1362.0,127518.0,393.0,159.38787342208025,0.0,99.6959922025481,495.8658623451699,0.008841294666128827,static_first_advanced_workflow
140,,,,0.0,0.0,99.6959922025481,405.70843282786626,0.007233786545014494,static_first_advanced_workflow
141,,,,0.0,0.0,99.6959922025481,331.94326322279966,0.005918552627739131,static_first_advanced_workflow
142,,,,0.0,0.0,99.6959922025481,271.58994263683604,0.004842452149968379,static_first_advanced_workflow
143,,,,0.0,0.0,99.6959922025481,222.2099530665022,0.003962006304519583,static_first_advanced_workflow
144,,,,0.0,0.0,99.6959922025481,181.80814341804725,0.0032416415218796584,static_first_advanced_workflow
145,,,,0.0,0.0,99.6959922025481,148.75211734203864,0.0026522521542651748,static_first_advanced_workflow
146,,,,0.0,0.0,99.6959922025481,121.70627782530434,0.0021700244898533246,static_first_advanced_workflow
147,,,,0.0,0.0,99.6959922025481,99.57786367524899,0.0017754745826072654,static_first_advanced_workflow
148,,,,0.0,0.0,99.6959922025481,81.47279755247644,0.001452661022133217,static_first_advanced_workflow
149,,,,0.0,0.0,99.6959922025481,66.65956163384435,0.0011885408362908138,static_first_advanced_workflow
150,,,,0.0,0.0,99.6959922025481,54.539641336781735,0.0009724425024197566,static_first_advanced_workflow
151,,,,0.0,0.0,99.6959922025481,44.623342911912324,0.0007956347747070736,static_first_advanced_workflow
152,,,,0.0,0.0,99.6959922025481,36.510007837019174,0.0006509739065785147,static_first_advanced_workflow
153,,,,0.0,0.0,99.6959922025481,29.871824593924778,0.0005326150144733301,static_first_advanced_workflow
154,,,,0.0,0.0,99.6959922025481,24.440583758665724,0.0004357759209327246,static_first_advanced_workflow
155,,,,0.0,0.0,99.6959922025481,19.996841257090136,0.00035654393530859286,static_first_advanced_workflow
156,,,,0.0,0.0,99.6959922025481,16.3610519376192,0.00029171776525248506,static_first_advanced_workflow
157,,,,0.0,0.0,99.6959922025481,13.386315221688436,0.00023867817157021505,static_first_advanced_workflow
158,,,,0.0,0.0,99.6959922025481,10.952439726835992,0.0001952821403756305,static_first_advanced_workflow
159,,,,0.0,0.0,99.6959922025481,8.961087049229448,0.00015977629667097038,static_first_advanced_workflow
160,,,,0.0,0.0,99.6959922025481,7.331798494824094,0.00013072606091261212,static_first_advanced_workflow
161,,,,0.0,0.0,99.6959922025481,5.998744223037894,0.0001069576862012281,static_first_advanced_workflow
162,,,,0.0,0.0,99.6959922025481,4.908063455212822,8.751083416464116e-05,static_first_advanced_workflow
163,,,,0.0,0.0,99.6959922025481,4.015688281537764,7.159977340743368e-05,static_first_advanced_workflow
164,,,,0.0,0.0,99.6959922025481,3.2855631394399882,5.858163278790028e-05,static_first_advanced_workflow
165,,,,0.0,0.0,99.6959922025481,2.688188023178172,4.793042682646386e-05,static_first_advanced_workflow
166,,,,0.0,0.0,99.6959922025481,2.1994265644185043,3.921580376710679e-05,static_first_advanced_workflow
167,,,,0.0,0.0,99.6959922025481,1.7995308254333215,3.2085657627632826e-05,static_first_advanced_workflow
168,,,,0.0,0.0,99.6959922025481,1.472343402627263,2.6251901695335948e-05,static_first_advanced_workflow
169,,,,0.0,0.0,99.6959922025481,1.2046446021495787,2.147882865982032e-05,static_first_advanced_workflow
170,,,,0.0,0.0,99.6959922025481,0.9856183108496552,1.7573587085307532e-05,static_first_advanced_workflow
171,,,,0.0,0.0,99.6959922025481,0.8064149816042633,1.4378389433433435e-05,static_first_advanced_workflow
172,,,,0.0,0.0,99.6959922025481,0.6597940758580335,1.1764136809172809e-05,static_first_advanced_workflow
173,,,,0.0,0.0,99.6959922025481,0.5398315166111183,9.62520284386866e-06,static_first_advanced_workflow
174,,,,0.0,0.0,99.6959922025481,0.4416803317727331,7.875165963165267e-06,static_first_advanced_workflow
175,,,,0.0,0.0,99.6959922025481,0.3613748169049634,6.443317606226127e-06,static_first_advanced_workflow
176,,,,0.0,0.0,99.6959922025481,0.2956703047404246,5.271805314185013e-06,static_first_advanced_workflow
177,,,,0.0,0.0,99.6959922025481,0.24191206751489283,4.3132952570604645e-06,static_first_advanced_workflow
178,,,,0.0,0.0,99.6959922025481,0.19792805523945775,3.5290597557767432e-06,static_first_advanced_workflow
179,,,,0.0,0.0,99.6959922025481,0.16194113610501087,2.8874125274536987e-06,static_first_advanced_workflow
180,,,,0.0,0.0,99.6959922025481,0.13249729317682707,2.362428431553026e-06,static_first_advanced_workflow
181,,,,0.0,0.0,99.6959922025481,0.10840687623558577,1.9328959894524756e-06,static_first_advanced_workflow
182,,,,0.0,0.0,99.6959922025481,0.0886965351018429,1.5814603550065707e-06,static_first_advanced_workflow
183,,,,0.0,0.0,99.6959922025481,0.07256989235605328,1.2939221086417396e-06,static_first_advanced_workflow
184,,,,0.0,0.0,99.6959922025481,0.059375366473134496,1.0586635434341505e-06,static_first_advanced_workflow
185,,,,0.0,0.0,99.6959922025481,0.04857984529620095,8.661792628097594e-07,static_first_advanced_workflow
186,,,,0.0,0.0,99.6959922025481,0.03974714615143714,7.086921241170758e-07,static_first_advanced_workflow
187,,,,0.0,0.0,99.6959922025481,0.03252039230572129,5.798390106412438e-07,static_first_advanced_workflow
188,,,,0.0,0.0,99.6959922025481,0.026607593704681055,4.744137359791995e-07,static_first_advanced_workflow
189,,,,0.0,0.0,99.6959922025481,0.021769849394739044,3.8815669307389047e-07,static_first_advanced_workflow
190,,,,0.0,0.0,99.6959922025481,0.017811694959331943,3.1758274887863763e-07,static_first_advanced_workflow
191,,,,0.0,0.0,99.6959922025481,0.014573204966726134,2.598404309007035e-07,static_first_advanced_workflow
192,,,,0.0,0.0,99.6959922025481,0.011923531336412291,2.1259671619148467e-07,static_first_advanced_workflow
193,,,,0.0,0.0,99.6959922025481,0.009755616547973692,1.739427677930329e-07,static_first_advanced_workflow
194,,,,0.0,0.0,99.6959922025481,0.007981868084705747,1.4231681001248144e-07,static_first_advanced_workflow
195,,,,0.0,0.0,99.6959922025481,0.0065306193420319745,1.1644102637384844e-07,static_first_advanced_workflow
196,,,,0.0,0.0,99.6959922025481,0.00534323400711707,9.526993066951235e-08,static_first_advanced_workflow
197,,,,0.0,0.0,99.6959922025481,0.004371736914913966,7.794812509323737e-08,static_first_advanced_workflow
198,,,,0.0,0.0,99.6959922025481,0.003576875657656881,6.377573871264875e-08,static_first_advanced_workflow
199,,,,0.0,0.0,99.6959922025481,0.002926534628991993,5.218014985580352e-08,static_first_advanced_workflow
200,,,,0.0,0.0,99.6959922025481,0.0023944374237207214,4.269284988202106e-08,static_first_advanced_workflow
201,,,,0.0,0.0,99.6959922025481,0.001959085164862408,3.493051353983541e-08,static_first_advanced_workflow
202,,,,0.0,0.0,99.6959922025481,0.001602887862160152,2.8579511078047152e-08,static_first_advanced_workflow
203,,,,0.0,0.0,99.6959922025481,0.0013114537054037605,2.338323633658403e-08,static_first_advanced_workflow
204,,,,0.0,0.0,99.6959922025481,0.0010730075771485312,1.913173882084148e-08,static_first_advanced_workflow
205,,,,0.0,0.0,99.6959922025481,0.0008779152903942528,1.5653240853415756e-08,static_first_advanced_workflow
206,,,,0.0,0.0,99.6959922025481,0.0007182943285043886,1.2807197061885617e-08,static_first_advanced_workflow
207,,,,0.0,0.0,99.6959922025481,0.0005876953596854088,1.0478615777906413e-08,static_first_advanced_workflow
208,,,,0.0,0.0,99.6959922025481,0.00048084165792442536,8.573412909196157e-09,static_first_advanced_workflow
209,,,,0.0,0.0,99.6959922025481,0.0003934159019381662,7.014610562069582e-09,static_first_advanced_workflow
210,,,,0.0,0.0,99.6959922025481,0.00032188573794940866,5.739226823511475e-09,static_first_advanced_workflow
211,,,,0.0,0.0,99.6959922025481,0.00026336105832224345,4.695731037418479e-09,static_first_advanced_workflow
212,,,,0.0,0.0,99.6959922025481,0.000215477229536381,3.841961757887846e-09,static_first_advanced_workflow
213,,,,0.0,0.0,99.6959922025481,0.00017629955143885718,3.143423256453692e-09,static_first_advanced_workflow
214,,,,0.0,0.0,99.6959922025481,0.00014424508754088314,2.5718917552802934e-09,static_first_advanced_workflow
215,,,,0.0,0.0,99.6959922025481,0.00011801870798799529,2.1042750725020582e-09,static_first_advanced_workflow
216,,,,0.0,0.0,99.6959922025481,9.656076108108705e-05,1.721679604774411e-09,static_first_advanced_workflow
217,,,,0.0,0.0,99.6959922025481,7.900425906634394e-05,1.4086469493608817e-09,static_first_advanced_workflow
218,,,,0.0,0.0,99.6959922025481,6.463984832700867e-05,1.1525293222043578e-09,static_first_advanced_workflow
219,,,,0.0,0.0,99.6959922025481,5.288714863118891e-05,9.429785363490199e-10,static_first_advanced_workflow
220,,,,0.0,0.0,99.6959922025481,4.32713034255182e-05,7.715278933764707e-10,static_first_advanced_workflow
221,,,,0.0,0.0,99.6959922025481,3.540379371178761e-05,6.312500945807488e-10,static_first_advanced_workflow
222,,,,0.0,0.0,99.6959922025481,2.8966740309644408e-05,5.164773501115217e-10,static_first_advanced_workflow
223,,,,0.0,0.0,99.6959922025481,2.3700060253345424e-05,4.2257237736397223e-10,static_first_advanced_workflow
224,,,,0.0,0.0,99.6959922025481,1.93909583891008e-05,3.4574103602506816e-10,static_first_advanced_workflow
225,,,,0.0,0.0,99.6959922025481,1.5865329591082472e-05,2.8287902947505576e-10,static_first_advanced_workflow
226,,,,0.0,0.0,99.6959922025481,1.2980724210885657e-05,2.3144647866140923e-10,static_first_advanced_workflow
227,,,,0.0,0.0,99.6959922025481,1.0620592536179173e-05,1.8936530072297117e-10,static_first_advanced_workflow
228,,,,0.0,0.0,99.6959922025481,8.689575711419322e-06,1.549352460460673e-10,static_first_advanced_workflow
229,,,,0.0,0.0,99.6959922025481,7.1096528547976265e-06,1.2676520131041869e-10,static_first_advanced_workflow
230,,,,0.0,0.0,99.6959922025481,5.816988699379876e-06,1.0371698289034255e-10,static_first_advanced_workflow
231,,,,0.0,0.0,99.6959922025481,4.759354390401716e-06,8.4859349637553e-11,static_first_advanced_workflow
232,,,,0.0,0.0,99.6959922025481,3.894017228510495e-06,6.943037697617972e-11,static_first_advanced_workflow
233,,,,0.0,0.0,99.6959922025481,3.1860140960540407e-06,5.680667207141977e-11,static_first_advanced_workflow
234,,,,0.0,0.0,99.6959922025481,2.606738805862397e-06,4.647818624025254e-11,static_first_advanced_workflow
235,,,,0.0,0.0,99.6959922025481,2.132786295705597e-06,3.8027606923842985e-11,static_first_advanced_workflow
236,,,,0.0,0.0,99.6959922025481,1.7450069692136702e-06,3.1113496574053346e-11,static_first_advanced_workflow
237,,,,0.0,0.0,99.6959922025481,1.4277329748111847e-06,2.5456497196952737e-11,static_first_advanced_workflow
238,,,,0.0,0.0,99.6959922025481,1.168145161209151e-06,2.0828043161143148e-11,static_first_advanced_workflow
239,,,,0.0,0.0,99.6959922025481,9.557551318983962e-07,1.7041126222753484e-11,static_first_advanced_workflow
0,7.0,0.0,129775.0,0.0,0.0,0.00539366013776949,0.0,0.0,fixed_semantic_prompt_advanced_workflow
1,0.0,1546.0,128236.0,0.0,0.0,1.191228367570233,0.0,0.0,fixed_semantic_prompt_advanced_workflow
2,0.0,1546.0,128236.0,0.0,0.0,1.191228367570233,0.0,0.0,fixed_semantic_prompt_advanced_workflow
3,0.0,1546.0,128236.0,0.0,0.0,1.191228367570233,0.0,0.0,fixed_semantic_prompt_advanced_workflow
4,0.0,1546.0,128236.0,0.0,0.0,1.191228367570233,0.0,0.0,fixed_semantic_prompt_advanced_workflow
5,2239.0,1543.0,126000.0,623.6579368438636,0.0,2.914117520149173,113.39235215342974,0.0,fixed_semantic_prompt_advanced_workflow
6,5278.0,1543.0,122961.0,1198.4086032547757,0.0,5.2557365428179565,310.6680341718563,0.0,fixed_semantic_prompt_advanced_workflow
7,3481.0,4425.0,121876.0,790.3981667035264,0.0,6.091753864172227,397.8916946321599,0.0,fixed_semantic_prompt_advanced_workflow
8,1969.0,7817.0,119996.0,470.8940154012393,0.14375,7.540336872601748,411.1648438629016,0.026136363636363635,fixed_semantic_prompt_advanced_workflow
9,2613.0,8295.0,118874.0,771.4825308998995,0.0,8.404863540398514,476.6771505969012,0.021384297520661153,fixed_semantic_prompt_advanced_workflow
10,4228.0,9343.0,116211.0,624.2625380710801,0.0,10.456765961381393,503.5108574103882,0.017496243425995487,fixed_semantic_prompt_advanced_workflow
11,4595.0,11484.0,113703.0,1197.8398351045998,0.0,12.38923733645652,629.7524897184267,0.01431510825763267,fixed_semantic_prompt_advanced_workflow
12,5468.0,12876.0,111438.0,1171.3656328558752,0.0825892857142857,14.134471652463363,728.2276066525081,0.026728595067933222,fixed_semantic_prompt_advanced_workflow
13,7352.0,14387.0,108043.0,801.3927973685749,0.0,16.750396819281566,741.5303686008839,0.02186885051012718,fixed_semantic_prompt_advanced_workflow
14,6580.0,17959.0,105243.0,999.2615604575208,0.0,18.90786087438936,788.3905853020906,0.017892695871922236,fixed_semantic_prompt_advanced_workflow
15,4795.0,21429.0,103558.0,990.8776331541488,0.0,20.20619192183816,825.206412184283,0.014639478440663647,fixed_semantic_prompt_advanced_workflow
16,2869.0,25482.0,101431.0,368.5412779587241,0.0,21.84509408084326,742.1763877796358,0.011977755087815711,fixed_semantic_prompt_advanced_workflow
17,4838.0,26591.0,98353.0,637.7442827827286,0.0,24.21676349570819,723.1887323256526,0.009799981435485581,fixed_semantic_prompt_advanced_workflow
18,7153.0,26591.0,96038.0,1030.2616093269185,0.0,26.000523955556243,779.0201645077009,0.008018166629033657,fixed_semantic_prompt_advanced_workflow
19,9490.0,26531.0,93761.0,934.0150422198752,0.0,27.755004546084972,807.2010513644599,0.006560318151027537,fixed_semantic_prompt_advanced_workflow
20,9984.0,30683.0,89115.0,773.77965756664,0.0,31.334853831810268,801.1244343103108,0.005367533032658894,fixed_semantic_prompt_advanced_workflow
21,11040.0,32428.0,86314.0,1386.0917221037212,0.0,33.493088409794886,907.4821230000217,0.004391617935811822,fixed_semantic_prompt_advanced_workflow
22,12127.0,34651.0,83004.0,884.8768750133713,0.1076040172166427,36.04351913208303,903.3720779115397,0.02315750871414471,fixed_semantic_prompt_advanced_workflow
23,12389.0,36408.0,80985.0,1506.63735905337,0.0,37.59920482039112,1013.0566744827814,0.018947052584300215,fixed_semantic_prompt_advanced_workflow
24,11387.0,39874.0,78521.0,1381.7526402629314,0.0,39.49777318888598,1080.0923046246269,0.015502133932609265,fixed_semantic_prompt_advanced_workflow
25,11671.0,42269.0,75842.0,1374.129049097641,0.0,41.562003975898044,1133.5535308924477,0.012683564126680306,fixed_semantic_prompt_advanced_workflow
26,11510.0,45748.0,72524.0,1372.089967405653,0.051639344262295,44.11859888120078,1176.9237920766668,0.019766433242246615,fixed_semantic_prompt_advanced_workflow
27,11352.0,48506.0,69924.0,794.9412146158242,0.0,46.12195836094374,1107.4724143565136,0.016172536289110865,fixed_semantic_prompt_advanced_workflow
28,12552.0,48506.0,68724.0,1367.7449388732862,0.0,47.04658581313279,1154.7946915413813,0.01323207514563616,fixed_semantic_prompt_advanced_workflow
29,11215.0,53020.0,65547.0,933.1242531668016,0.0933333333333333,49.49453699280332,1114.4909754732757,0.027795940270672004,fixed_semantic_prompt_advanced_workflow
30,12268.0,53227.0,64287.0,1234.7947799524898,0.0,50.465395817601824,1136.3643944694963,0.022742132948731637,fixed_semantic_prompt_advanced_workflow
31,11117.0,56192.0,62473.0,818.5315469057232,0.0,51.86312431616095,1078.5766040033557,0.018607199685325884,fixed_semantic_prompt_advanced_workflow
32,10819.0,57862.0,61101.0,1068.3038627648302,0.0,52.92028170316377,1076.7088328690784,0.015224072469812087,fixed_semantic_prompt_advanced_workflow
33,10825.0,59847.0,59110.0,996.32354477055,0.0,54.454392750920775,1062.093325942073,0.012456059293482615,fixed_semantic_prompt_advanced_workflow
34,10605.0,61876.0,57301.0,1116.6897835993802,0.0,55.84826863509578,1072.019954607038,0.010191321240122139,fixed_semantic_prompt_advanced_workflow
35,6510.0,68018.0,55254.0,954.5350246406072,0.0,57.42552896395494,1050.659058249505,0.008338353741918113,fixed_semantic_prompt_advanced_workflow
36,5921.0,69257.0,54604.0,642.0206486073215,0.0,57.92636883389067,976.3611655872899,0.006822289425205729,fixed_semantic_prompt_advanced_workflow
37,2480.0,73784.0,53518.0,286.94395306260014,0.0,58.763156678121774,851.0125814918918,0.005581873166077414,fixed_semantic_prompt_advanced_workflow
38,4130.0,73949.0,51703.0,517.357415373875,0.0,60.16165569955771,790.3480058340705,0.00456698713588152,fixed_semantic_prompt_advanced_workflow
39,4881.0,75868.0,49033.0,1182.1513076917554,0.3315508021390374,62.21895178067837,861.584969808195,0.06401858986372805,fixed_semantic_prompt_advanced_workflow
40,4576.0,77448.0,47758.0,761.9102505603206,0.1193277310924369,63.20136844862924,843.4622935813086,0.07407479735985692,fixed_semantic_prompt_advanced_workflow
41,1139.0,81609.0,47034.0,316.61662461725854,0.0,63.75922701144997,747.6721719514812,0.060606652385337474,fixed_semantic_prompt_advanced_workflow
42,689.0,82491.0,46602.0,425.8743729282903,0.0,64.09209289423802,689.1634812199919,0.04958726104254884,fixed_semantic_prompt_advanced_workflow
43,2265.0,83218.0,44299.0,0.0,0.0633445945945946,65.86660707956419,563.8610300890842,0.052088594415648067,fixed_semantic_prompt_advanced_workflow
44,3916.0,83154.0,42712.0,611.9716612003061,0.0,67.08942688508421,572.6084175638518,0.04261794088553023,fixed_semantic_prompt_advanced_workflow
45,4754.0,83154.0,41874.0,756.6444887106417,0.0,67.73512505586291,606.0695214087227,0.03486922436088837,fixed_semantic_prompt_advanced_workflow
46,6016.0,86606.0,37160.0,340.24679495162707,0.0,71.36736989721226,557.7381165983417,0.028529365386181393,fixed_semantic_prompt_advanced_workflow
47,6918.0,88046.0,34818.0,1705.2484490679235,0.0,73.17193447473456,766.3763588655384,0.02334220804323932,fixed_semantic_prompt_advanced_workflow
48,8238.0,88046.0,33498.0,1560.3894236939416,0.0,74.18902467214251,910.7423706525208,0.019098170217195808,fixed_semantic_prompt_advanced_workflow
49,3950.0,95220.0,30612.0,809.4810525287669,0.0,76.4127536946572,892.3312219027473,0.015625775632251114,fixed_semantic_prompt_advanced_workflow
50,5137.0,95639.0,29006.0,751.6145234257052,0.0,77.65021343483689,866.7463676341941,0.012784725517296366,fixed_semantic_prompt_advanced_workflow
51,5287.0,98753.0,25742.0,505.84176560034064,0.0832420591456736,80.16520010479111,801.1273490825844,0.025595149813364956,fixed_semantic_prompt_advanced_workflow
52,7444.0,99801.0,22537.0,1025.4693778442786,0.0,82.6347259250127,841.9168088574379,0.020941486210934963,fixed_semantic_prompt_advanced_workflow
53,7617.0,101106.0,21059.0,785.9916965118097,0.0,83.7735587369589,831.7486066127782,0.01713394326349224,fixed_semantic_prompt_advanced_workflow
54,5233.0,104640.0,19909.0,610.3289382844908,0.0,84.65966004530675,791.4904850985441,0.014018680851948196,fixed_semantic_prompt_advanced_workflow
55,5202.0,106073.0,18507.0,607.9142725373323,0.093711467324291,85.73993311861429,758.1129919055965,0.02850827839237416,fixed_semantic_prompt_advanced_workflow
56,6443.0,106073.0,17266.0,891.610251791649,0.0,86.69615200875313,782.3852209757878,0.023324955048306128,fixed_semantic_prompt_advanced_workflow
57,8538.0,106073.0,15171.0,625.1039571405934,0.0,88.31039743569985,753.7886275512069,0.019084054130432286,fixed_semantic_prompt_advanced_workflow
58,10419.0,107038.0,12325.0,847.1363480497653,0.0,90.50330554314158,770.7609403691265,0.015614226106717324,fixed_semantic_prompt_advanced_workflow
59,8596.0,110786.0,10400.0,1075.0592808418753,0.0,91.98656208102818,826.0879113641716,0.012775275905495992,fixed_semantic_prompt_advanced_workflow
60,8728.0,114350.0,6704.0,1160.728426589532,0.0,94.83441463377048,886.9316414051463,0.010452498468133084,fixed_semantic_prompt_advanced_workflow
61,9272.0,116223.0,4287.0,853.2897978269555,0.0,96.69676842705461,880.8149425727479,0.008552044201199795,fixed_semantic_prompt_advanced_workflow
62,8053.0,119453.0,2276.0,757.1332515519188,0.0,98.24628993234809,858.3273623871426,0.006997127073708922,fixed_semantic_prompt_advanced_workflow
63,8283.0,120814.0,685.0,757.7632199140586,0.0,99.47219182937542,840.0429728465817,0.0057249221512163904,fixed_semantic_prompt_advanced_workflow
64,7893.0,121630.0,259.0,1023.402540638305,0.0,99.80043457490252,873.3810760814405,0.0046840272146315915,fixed_semantic_prompt_advanced_workflow
65,8117.0,121495.0,170.0,820.1664984443714,0.0,99.86901111093988,863.705698329246,0.0038323859028803926,fixed_semantic_prompt_advanced_workflow
66,9202.0,119943.0,637.0,748.4234901798163,0.1014705882352941,99.50917692746297,842.7452968475314,0.021584786326955614,fixed_semantic_prompt_advanced_workflow
67,9606.0,120172.0,4.0,1150.177430683367,0.0,99.9969179084927,898.642048454047,0.01766027972205459,fixed_semantic_prompt_advanced_workflow
68,7677.0,122060.0,45.0,1165.1607922249511,0.3163265306122449,99.96532647054292,947.1000018669386,0.07196323442936192,fixed_semantic_prompt_advanced_workflow
69,8051.0,121330.0,401.0,882.937390545501,0.1409523809523809,99.69102032639348,935.434072535768,0.08450671561536537,fixed_semantic_prompt_advanced_workflow
70,8512.0,121037.0,233.0,1017.0603408815164,0.0,99.82046816969996,950.2752122349949,0.06914185823075347,fixed_semantic_prompt_advanced_workflow
71,8778.0,120897.0,107.0,1197.3826033692596,0.0,99.91755405217981,995.2038288048612,0.05657061127970738,fixed_semantic_prompt_advanced_workflow
72,6212.0,123507.0,63.0,639.4200452294104,0.0,99.95145705876007,930.5158681547792,0.046285045592487854,fixed_semantic_prompt_advanced_workflow
73,6241.0,123210.0,331.0,748.2603386723855,0.0537159676232523,99.74495692777118,897.3784991579803,0.04763612232535412,fixed_semantic_prompt_advanced_workflow
74,5110.0,123925.0,747.0,603.0277601711912,0.0,99.42441941101231,843.860182978564,0.03897500917528973,fixed_semantic_prompt_advanced_workflow
75,761.0,128726.0,295.0,292.2843213526768,0.0,99.77269575133685,743.5736626829481,0.031888643870691596,fixed_semantic_prompt_advanced_workflow
76,1843.0,127566.0,373.0,239.3114084700101,0.0,99.71259496694456,651.8896164624139,0.02609070862147494,fixed_semantic_prompt_advanced_workflow
77,3166.0,126280.0,336.0,617.3316396615994,0.0,99.74110431338707,645.6063479531749,0.021346943417570406,fixed_semantic_prompt_advanced_workflow
78,4820.0,124732.0,230.0,905.92570761511,0.0,99.82277973833044,692.9371406189812,0.017465680978012148,fixed_semantic_prompt_advanced_workflow
79,5049.0,124317.0,416.0,898.4869827352783,0.0862944162436548,99.67946248324114,730.3098391855806,0.029979996480856266,fixed_semantic_prompt_advanced_workflow
80,7270.0,121089.0,1423.0,1175.4405609078512,0.0,98.90354594627915,811.2426976805389,0.02452908802979149,fixed_semantic_prompt_advanced_workflow
81,4435.0,124668.0,679.0,852.0880381719793,0.0890410958904109,99.47681496663637,818.6691232244372,0.03625854400444956,fixed_semantic_prompt_advanced_workflow
82,3467.0,126208.0,107.0,612.431522405731,0.0,99.91755405217981,781.171377621036,0.029666081458186003,fixed_semantic_prompt_advanced_workflow
83,5746.0,123635.0,401.0,757.0679771709874,0.2264150943396226,99.69102032639348,776.7889411755725,0.06543862925481084,fixed_semantic_prompt_advanced_workflow
84,4935.0,124411.0,436.0,1044.9247382969072,0.0,99.66405202570463,825.5409042885425,0.05354069666302704,fixed_semantic_prompt_advanced_workflow
85,8741.0,120994.0,47.0,1272.617155350485,0.0,99.96378542478926,906.8274953907138,0.04380602454247667,fixed_semantic_prompt_advanced_workflow
86,7355.0,121349.0,1078.0,810.1182451013215,0.0,99.1693763387835,889.243995338097,0.035841292807480905,fixed_semantic_prompt_advanced_workflow
87,6224.0,123292.0,266.0,556.5475938558073,0.0,99.79504091476475,828.7537405231352,0.029324694115211648,fixed_semantic_prompt_advanced_workflow
88,7709.0,121755.0,318.0,1168.7708675608462,0.0,99.7549737251699,890.5750363481735,0.023992931548809528,fixed_semantic_prompt_advanced_workflow
89,8351.0,121306.0,125.0,1018.31684699537,0.0,99.90368464039697,913.8008201022092,0.019630580358116885,fixed_semantic_prompt_advanced_workflow
90,8696.0,120287.0,799.0,700.9230783619528,0.0,99.38435222141744,875.0957761494352,0.01606138392936836,fixed_semantic_prompt_advanced_workflow
91,8870.0,120855.0,57.0,690.9547069787359,0.0,99.95608019602102,841.6155817547626,0.013141132305846837,fixed_semantic_prompt_advanced_workflow
92,11224.0,116995.0,1563.0,793.3457692931466,0.080503144654088,98.79567274352375,832.8392522162869,0.02538877091461796,fixed_semantic_prompt_advanced_workflow
93,9433.0,120132.0,217.0,1138.6827841120314,0.0,99.83279653572914,888.4471671064223,0.02077263074832378,fixed_semantic_prompt_advanced_workflow
94,6487.0,122736.0,559.0,541.9348636381279,0.0,99.56927771185526,825.4449301121869,0.016995788794083092,fixed_semantic_prompt_advanced_workflow
95,7680.0,121511.0,591.0,881.2885196066311,0.0,99.54462097979689,835.5983100202675,0.013905645376977074,fixed_semantic_prompt_advanced_workflow
96,9445.0,120259.0,78.0,1009.0249352401228,0.0,99.93989921560771,867.1304236966048,0.011377346217526696,fixed_semantic_prompt_advanced_workflow
97,7547.0,121341.0,894.0,881.3593348981161,0.0,99.31115254811915,869.7174984605159,0.009308737814340023,fixed_semantic_prompt_advanced_workflow
98,9249.0,119811.0,722.0,567.5125557074145,0.0688073394495412,99.44368248293291,814.7711452326791,0.020126665384376602,fixed_semantic_prompt_advanced_workflow
99,10097.0,119287.0,398.0,1141.7189550756466,0.0,99.69333189502396,874.2162015677641,0.01646727167812631,fixed_semantic_prompt_advanced_workflow
100,10555.0,119121.0,106.0,1138.877376537093,0.0855018587360594,99.91832457505664,922.3364151985511,0.02901901477956869,fixed_semantic_prompt_advanced_workflow
101,10473.0,118437.0,872.0,1170.7011763525277,0.0,99.32810405140928,967.4936444992741,0.023742830274192564,fixed_semantic_prompt_advanced_workflow
102,10785.0,118721.0,276.0,1307.0013146408924,0.0,99.78733568599651,1029.22231179775,0.019425952042521188,fixed_semantic_prompt_advanced_workflow
103,8343.0,121109.0,330.0,717.7663893507029,0.0,99.74572745064802,972.5939622619233,0.01589396076206279,fixed_semantic_prompt_advanced_workflow
104,7323.0,122202.0,257.0,883.3146012342853,0.0,99.80197562065618,956.3613511659889,0.01300414971441501,fixed_semantic_prompt_advanced_workflow
105,6720.0,122602.0,460.0,544.7273685094999,0.0,99.64555947666086,881.5188088648091,0.010639758857248643,fixed_semantic_prompt_advanced_workflow
106,6805.0,122554.0,423.0,736.4017091355984,0.0764904386951631,99.67406882310335,855.1338816413162,0.022612609736869453,fixed_semantic_prompt_advanced_workflow
107,8457.0,121031.0,294.0,702.0508683638809,0.0474358974358974,99.77346627421369,827.3006064999643,0.027125934773056352,fixed_semantic_prompt_advanced_workflow
108,10402.0,119297.0,83.0,1250.267123043833,0.0,99.9360466012236,904.2036095079403,0.02219394663250065,fixed_semantic_prompt_advanced_workflow
109,12440.0,116076.0,1266.0,924.077282753067,0.0,99.02451803794054,907.8170046434178,0.018158683608409623,fixed_semantic_prompt_advanced_workflow
110,8532.0,120952.0,298.0,639.1681191102288,0.0,99.77038418270638,858.9717527282925,0.014857104770516964,fixed_semantic_prompt_advanced_workflow
111,10053.0,119302.0,427.0,1069.5976602100031,0.1550561797752809,99.67098673159606,897.2673722704217,0.040347845680474045,fixed_semantic_prompt_advanced_workflow
112,6498.0,123096.0,188.0,749.0390559231056,0.2265446224256292,99.85514169915704,870.3167692981824,0.07420180508868407,fixed_semantic_prompt_advanced_workflow
113,5797.0,123400.0,585.0,1020.7993332724566,0.096569250317662,99.54924411705784,897.6772354753232,0.0782686133121346,fixed_semantic_prompt_advanced_workflow
114,5923.0,123572.0,287.0,834.3084667067778,0.1348747591522158,99.77885993435144,886.1556411537695,0.08856063982851299,fixed_semantic_prompt_advanced_workflow
115,6288.0,123415.0,79.0,1039.2882161454052,0.0,99.93912869273089,913.997927515885,0.0724587053142379,fixed_semantic_prompt_advanced_workflow
116,7033.0,122434.0,315.0,963.9096696255538,0.0,99.75728529380036,923.0727897176429,0.05928439525710373,fixed_semantic_prompt_advanced_workflow
117,5522.0,123742.0,518.0,1112.211467993576,0.1327800829875518,99.60086914980506,957.461640313267,0.07264724757173065,fixed_semantic_prompt_advanced_workflow
118,6050.0,123122.0,610.0,891.9310277779407,0.0,99.52998104513723,945.5469834886621,0.059438657104143255,fixed_semantic_prompt_advanced_workflow
119,5934.0,123537.0,311.0,1191.7401310827229,0.0,99.76036738530767,990.3093739603095,0.04863162853975357,fixed_semantic_prompt_advanced_workflow
120,6105.0,123040.0,637.0,1180.3079777622097,0.0,99.50917692746297,1024.854574651564,0.039789514259798375,fixed_semantic_prompt_advanced_workflow
121,4499.0,124714.0,569.0,668.1795377260167,0.0,99.56157248308702,960.0045679378281,0.032555057121653214,fixed_semantic_prompt_advanced_workflow
122,6464.0,123085.0,233.0,738.7804770398052,0.0,99.82046816969996,919.7820059563694,0.026635955826807174,fixed_semantic_prompt_advanced_workflow
123,7064.0,122429.0,289.0,733.372735003994,0.0,99.7773188885978,885.8894112377557,0.021793054767387687,fixed_semantic_prompt_advanced_workflow
124,6665.0,122840.0,277.0,593.7838990295234,0.0,99.78656516311969,832.7793181089861,0.0178306811733172,fixed_semantic_prompt_advanced_workflow
125,8154.0,121576.0,52.0,410.0041219672495,0.0,99.95993281040514,755.9111006286704,0.014588739141804979,fixed_semantic_prompt_advanced_workflow
126,2228.0,127467.0,87.0,473.4246805118148,0.0,99.9329645097163,704.5499333346967,0.011936241116022255,fixed_semantic_prompt_advanced_workflow
127,4114.0,125017.0,651.0,400.279546150195,0.0,99.49838960718743,649.2280447556964,0.009766015458563662,fixed_semantic_prompt_advanced_workflow
128,5226.0,123735.0,821.0,511.0368447603879,0.0,99.36740071812731,624.1023720292767,0.00799037628427936,fixed_semantic_prompt_advanced_workflow
129,5511.0,123790.0,481.0,818.884564951235,0.0,99.62937849624755,659.5173161969054,0.006537580596228566,fixed_semantic_prompt_advanced_workflow
130,7561.0,121466.0,755.0,1025.943246724033,0.0,99.41825522799772,726.1402126563831,0.005348929578732463,fixed_semantic_prompt_advanced_workflow
131,7896.0,121760.0,126.0,1020.8430967399808,0.0,99.90291411752014,779.7225552170372,0.004376396928053833,fixed_semantic_prompt_advanced_workflow
132,6394.0,122370.0,1018.0,1021.810314911921,0.0,99.21560771139295,823.7385115251979,0.0035806883956804084,fixed_semantic_prompt_advanced_workflow
133,7936.0,121833.0,13.0,1021.944793573605,0.0,99.98998320260128,859.7760173521808,0.002929654141920334,fixed_semantic_prompt_advanced_workflow
134,5684.0,122900.0,1198.0,666.9550572887965,0.0,99.0769135935646,824.71766097702,0.002396989752480273,fixed_semantic_prompt_advanced_workflow
135,6644.0,122900.0,238.0,889.2431765434889,0.0,99.81661555531583,836.449572898196,0.0019611734338474958,fixed_semantic_prompt_advanced_workflow
136,6800.0,121828.0,1154.0,886.5576625301848,0.0,99.11081660014486,845.5601346494666,0.0016045964458752237,fixed_semantic_prompt_advanced_workflow
137,6529.0,122963.0,290.0,890.0483911880193,0.0,99.77654836572097,853.6489085655671,0.001312851637534274,fixed_semantic_prompt_advanced_workflow
138,5412.0,123457.0,913.0,746.0045265746658,0.0508064516129032,99.2965126134595,834.0772027490395,0.010311687996692262,fixed_semantic_prompt_advanced_workflow
139,3342.0,126029.0,411.0,461.8399577683722,0.0,99.68331509762524,766.3977036616454,0.008436835633657304,fixed_semantic_prompt_advanced_workflow
140,3702.0,126029.0,51.0,459.9190124012068,0.0,99.96070333328197,710.6743052506565,0.006902865518446885,fixed_semantic_prompt_advanced_workflow
141,4182.0,125035.0,565.0,458.2617035285064,0.0,99.56465457459433,664.7811049375383,0.005647799060547451,fixed_semantic_prompt_advanced_workflow
142,4662.0,125035.0,85.0,455.4695297600634,0.0,99.93450555546994,626.72445490527,0.004620926504084278,fixed_semantic_prompt_advanced_workflow
143,,,,0.0,0.0,99.93450555546994,512.7745540134027,0.003780758048796227,fixed_semantic_prompt_advanced_workflow
144,3444.0,126310.0,28.0,307.70283231356467,0.0,99.97842535944892,475.48878643161396,0.00309334749446964,fixed_semantic_prompt_advanced_workflow
145,2153.0,127506.0,123.0,158.62546906786207,0.0,99.90522568615063,417.87727418365904,0.0025309206772933415,fixed_semantic_prompt_advanced_workflow
146,,,,0.0,0.0,99.90522568615063,341.89958796844826,0.002070753281421825,fixed_semantic_prompt_advanced_workflow
147,,,,0.0,0.0,99.90522568615063,279.73602651963944,0.001694252684799675,fixed_semantic_prompt_advanced_workflow
148,,,,0.0,0.0,99.90522568615063,228.8749307887959,0.0013862067421088248,fixed_semantic_prompt_advanced_workflow
149,,,,0.0,0.0,99.90522568615063,187.2613070090148,0.001134169152634493,fixed_semantic_prompt_advanced_workflow
150,,,,0.0,0.0,99.90522568615063,153.21379664373939,0.0009279565794282214,fixed_semantic_prompt_advanced_workflow
151,,,,0.0,0.0,99.90522568615063,125.35674270851403,0.0007592372013503629,fixed_semantic_prompt_advanced_workflow
152,,,,0.0,0.0,99.90522568615063,102.56460767060238,0.000621194073832115,fixed_semantic_prompt_advanced_workflow
153,,,,0.0,0.0,99.90522568615063,83.91649718503831,0.0005082496967717305,fixed_semantic_prompt_advanced_workflow
154,,,,0.0,0.0,99.90522568615063,68.65895224230407,0.0004158406609950522,fixed_semantic_prompt_advanced_workflow
155,,,,0.0,0.0,99.90522568615063,56.17550638006696,0.0003402332680868609,fixed_semantic_prompt_advanced_workflow
156,,,,0.0,0.0,99.90522568615063,45.96177794732751,0.0002783726738892498,fixed_semantic_prompt_advanced_workflow
157,,,,0.0,0.0,99.90522568615063,37.60509104781342,0.00022775946045484072,fixed_semantic_prompt_advanced_workflow
158,,,,0.0,0.0,99.90522568615063,30.767801766392793,0.00018634864946305148,fixed_semantic_prompt_advanced_workflow
159,,,,0.0,0.0,99.90522568615063,25.17365599068501,0.00015246707683340576,fixed_semantic_prompt_advanced_workflow
160,,,,0.0,0.0,99.90522568615063,20.59662762874228,0.00012474579013642287,fixed_semantic_prompt_advanced_workflow
161,,,,0.0,0.0,99.90522568615063,16.85178624169823,0.00010206473738434597,fixed_semantic_prompt_advanced_workflow
162,,,,0.0,0.0,99.90522568615063,13.787825106844004,8.350751240537398e-05,fixed_semantic_prompt_advanced_workflow
163,,,,0.0,0.0,99.90522568615063,11.280947814690547,6.832432833166961e-05,fixed_semantic_prompt_advanced_workflow
164,,,,0.0,0.0,99.90522568615063,9.22986639383772,5.590172318045695e-05,fixed_semantic_prompt_advanced_workflow
165,,,,0.0,0.0,99.90522568615063,7.551708867685406,4.573777351128296e-05,fixed_semantic_prompt_advanced_workflow
166,,,,0.0,0.0,99.90522568615063,6.1786708917426045,3.742181469104969e-05,fixed_semantic_prompt_advanced_workflow
167,,,,0.0,0.0,99.90522568615063,5.05527618415304,3.061784838358611e-05,fixed_semantic_prompt_advanced_workflow
168,,,,0.0,0.0,99.90522568615063,4.136135059761577,2.5050966859297725e-05,fixed_semantic_prompt_advanced_workflow
169,,,,0.0,0.0,99.90522568615063,3.38411050344129,2.049624561215268e-05,fixed_semantic_prompt_advanced_workflow
170,,,,0.0,0.0,99.90522568615063,2.768817684633783,1.676965550085219e-05,fixed_semantic_prompt_advanced_workflow
171,,,,0.0,0.0,99.90522568615063,2.2653962874276403,1.3720627227969974e-05,fixed_semantic_prompt_advanced_workflow
172,,,,0.0,0.0,99.90522568615063,1.8535060533498875,1.1225967731975433e-05,fixed_semantic_prompt_advanced_workflow
173,,,,0.0,0.0,99.90522568615063,1.516504952740817,9.18488268979808e-06,fixed_semantic_prompt_advanced_workflow
174,,,,0.0,0.0,99.90522568615063,1.2407767795152138,7.514904018925702e-06,fixed_semantic_prompt_advanced_workflow
175,,,,0.0,0.0,99.90522568615063,1.0151810014215386,6.1485578336664825e-06,fixed_semantic_prompt_advanced_workflow
176,,,,0.0,0.0,99.90522568615063,0.8306026375267133,5.030638227545303e-06,fixed_semantic_prompt_advanced_workflow
177,,,,0.0,0.0,99.90522568615063,0.6795839761582199,4.1159767316279754e-06,fixed_semantic_prompt_advanced_workflow
178,,,,0.0,0.0,99.90522568615063,0.5560232532203616,3.367617325877434e-06,fixed_semantic_prompt_advanced_workflow
179,,,,0.0,0.0,99.90522568615063,0.45492811627120494,2.755323266626991e-06,fixed_semantic_prompt_advanced_workflow
180,,,,0.0,0.0,99.90522568615063,0.372213913312804,2.2543553999675383e-06,fixed_semantic_prompt_advanced_workflow
181,,,,0.0,0.0,99.90522568615063,0.30453865634683963,1.8444725999734402e-06,fixed_semantic_prompt_advanced_workflow
182,,,,0.0,0.0,99.90522568615063,0.24916799155650513,1.5091139454328145e-06,fixed_semantic_prompt_advanced_workflow
183,,,,0.0,0.0,99.90522568615063,0.20386472036441328,1.2347295917177572e-06,fixed_semantic_prompt_advanced_workflow
184,,,,0.0,0.0,99.90522568615063,0.16679840757088357,1.0102333023145285e-06,fixed_semantic_prompt_advanced_workflow
185,,,,0.0,0.0,99.90522568615063,0.13647142437617746,8.265545200755233e-07,fixed_semantic_prompt_advanced_workflow
186,,,,0.0,0.0,99.90522568615063,0.11165843812596336,6.762718800617917e-07,fixed_semantic_prompt_advanced_workflow
187,,,,0.0,0.0,99.90522568615063,0.09135690392124275,5.533133564141932e-07,fixed_semantic_prompt_advanced_workflow
188,,,,0.0,0.0,99.90522568615063,0.07474655775374406,4.5271092797524897e-07,fixed_semantic_prompt_advanced_workflow
189,,,,0.0,0.0,99.90522568615063,0.06115627452579059,3.703998501615673e-07,fixed_semantic_prompt_advanced_workflow
190,,,,0.0,0.0,99.90522568615063,0.05003695188473775,3.0305442285946417e-07,fixed_semantic_prompt_advanced_workflow
191,,,,0.0,0.0,99.90522568615063,0.04093932426933088,2.4795361870319795e-07,fixed_semantic_prompt_advanced_workflow
192,,,,0.0,0.0,99.90522568615063,0.033495810765816175,2.0287114257534377e-07,fixed_semantic_prompt_advanced_workflow
193,,,,0.0,0.0,99.90522568615063,0.027405663353849596,1.6598548028891763e-07,fixed_semantic_prompt_advanced_workflow
194,,,,0.0,0.0,99.90522568615063,0.022422815471331486,1.3580630205456896e-07,fixed_semantic_prompt_advanced_workflow
195,,,,0.0,0.0,99.90522568615063,0.018345939931089395,1.1111424713555642e-07,fixed_semantic_prompt_advanced_workflow
196,,,,0.0,0.0,99.90522568615063,0.01501031448907314,9.091165674727343e-08,fixed_semantic_prompt_advanced_workflow
197,,,,0.0,0.0,99.90522568615063,0.01228116640015075,7.438226461140552e-08,fixed_semantic_prompt_advanced_workflow
198,,,,0.0,0.0,99.90522568615063,0.010048227054668795,6.085821650024088e-08,fixed_semantic_prompt_advanced_workflow
199,,,,0.0,0.0,99.90522568615063,0.00822127668109265,4.979308622746981e-08,fixed_semantic_prompt_advanced_workflow
200,,,,0.0,0.0,99.90522568615063,0.006726499102712168,4.0739797822475296e-08,fixed_semantic_prompt_advanced_workflow
201,,,,0.0,0.0,99.90522568615063,0.00550349926585541,3.3332561854752515e-08,fixed_semantic_prompt_advanced_workflow
202,,,,0.0,0.0,99.90522568615063,0.004502863035699881,2.7272096062979327e-08,fixed_semantic_prompt_advanced_workflow
203,,,,0.0,0.0,99.90522568615063,0.0036841606655726293,2.231353314243763e-08,fixed_semantic_prompt_advanced_workflow
204,,,,0.0,0.0,99.90522568615063,0.0030143132718321508,1.825652711653988e-08,fixed_semantic_prompt_advanced_workflow
205,,,,0.0,0.0,99.90522568615063,0.002466256313317214,1.4937158549896265e-08,fixed_semantic_prompt_advanced_workflow
206,,,,0.0,0.0,99.90522568615063,0.002017846074532266,1.2221311540824216e-08,fixed_semantic_prompt_advanced_workflow
207,,,,0.0,0.0,99.90522568615063,0.0016509649700718538,9.999254897037995e-09,fixed_semantic_prompt_advanced_workflow
208,,,,0.0,0.0,99.90522568615063,0.0013507895209678802,8.181208552121995e-09,fixed_semantic_prompt_advanced_workflow
209,,,,0.0,0.0,99.90522568615063,0.0011051914262464474,6.693716088099813e-09,fixed_semantic_prompt_advanced_workflow
210,,,,0.0,0.0,99.90522568615063,0.000904247530565275,5.4766767993543925e-09,fixed_semantic_prompt_advanced_workflow
211,,,,0.0,0.0,99.90522568615063,0.0007398388886443158,4.480917381289957e-09,fixed_semantic_prompt_advanced_workflow
212,,,,0.0,0.0,99.90522568615063,0.000605322727072622,3.666205130146328e-09,fixed_semantic_prompt_advanced_workflow
213,,,,0.0,0.0,99.90522568615063,0.0004952640494230543,2.9996223792106318e-09,fixed_semantic_prompt_advanced_workflow
214,,,,0.0,0.0,99.90522568615063,0.0004052160404370444,2.4542364920814258e-09,fixed_semantic_prompt_advanced_workflow
215,,,,0.0,0.0,99.90522568615063,0.0003315403967212181,2.008011675339348e-09,fixed_semantic_prompt_advanced_workflow
216,,,,0.0,0.0,99.90522568615063,0.00027126032459008756,1.6429186434594665e-09,fixed_semantic_prompt_advanced_workflow
217,,,,0.0,0.0,99.90522568615063,0.000221940265573708,1.3442061628304726e-09,fixed_semantic_prompt_advanced_workflow
218,,,,0.0,0.0,99.90522568615063,0.00018158749001485197,1.0998050423158412e-09,fixed_semantic_prompt_advanced_workflow
219,,,,0.0,0.0,99.90522568615063,0.00014857158273942433,8.998404891675064e-10,fixed_semantic_prompt_advanced_workflow
220,,,,0.0,0.0,99.90522568615063,0.00012155856769589262,7.362331275006869e-10,fixed_semantic_prompt_advanced_workflow
221,,,,0.0,0.0,99.90522568615063,9.945700993300305e-05,6.023725588641984e-10,fixed_semantic_prompt_advanced_workflow
222,,,,0.0,0.0,99.90522568615063,8.137391721791158e-05,4.928502754343441e-10,fixed_semantic_prompt_advanced_workflow
223,,,,0.0,0.0,99.90522568615063,6.657865954192765e-05,4.0324113444628146e-10,fixed_semantic_prompt_advanced_workflow
224,,,,0.0,0.0,99.90522568615063,5.447344871612262e-05,3.299245645469575e-10,fixed_semantic_prompt_advanced_workflow
225,,,,0.0,0.0,99.90522568615063,4.456918531319123e-05,2.699382800838743e-10,fixed_semantic_prompt_advanced_workflow
226,,,,0.0,0.0,99.90522568615063,3.646569707442919e-05,2.2085859279589712e-10,fixed_semantic_prompt_advanced_workflow
227,,,,0.0,0.0,99.90522568615063,2.983557033362388e-05,1.807024850148249e-10,fixed_semantic_prompt_advanced_workflow
228,,,,0.0,0.0,99.90522568615063,2.44109211820559e-05,1.4784748773940219e-10,fixed_semantic_prompt_advanced_workflow
229,,,,0.0,0.0,99.90522568615063,1.9972571876227554e-05,1.2096612633223815e-10,fixed_semantic_prompt_advanced_workflow
230,,,,0.0,0.0,99.90522568615063,1.6341195171458908e-05,9.897228518092211e-11,fixed_semantic_prompt_advanced_workflow
231,,,,0.0,0.0,99.90522568615063,1.3370068776648196e-05,8.097732423893627e-11,fixed_semantic_prompt_advanced_workflow
232,,,,0.0,0.0,99.90522568615063,1.0939147180893978e-05,6.625417437731149e-11,fixed_semantic_prompt_advanced_workflow
233,,,,0.0,0.0,99.90522568615063,8.950211329822346e-06,5.4207960854163946e-11,fixed_semantic_prompt_advanced_workflow
234,,,,0.0,0.0,99.90522568615063,7.322900178945555e-06,4.435196797158868e-11,fixed_semantic_prompt_advanced_workflow
235,,,,0.0,0.0,99.90522568615063,5.991463782773635e-06,3.6287973794936186e-11,fixed_semantic_prompt_advanced_workflow
236,,,,0.0,0.0,99.90522568615063,4.9021067313602465e-06,2.969016037767506e-11,fixed_semantic_prompt_advanced_workflow
237,,,,0.0,0.0,99.90522568615063,4.010814598385656e-06,2.4291949399915956e-11,fixed_semantic_prompt_advanced_workflow
238,,,,0.0,0.0,99.90522568615063,3.281575580497355e-06,1.987523132720396e-11,fixed_semantic_prompt_advanced_workflow
239,,,,0.0,0.0,99.90522568615063,2.684925474952381e-06,1.6261552904075967e-11,fixed_semantic_prompt_advanced_workflow
0,0.0,14.0,129783.0,0.0,0.0,0.010786073638065594,0.0,0.0,prefix_lineage_aware_advanced_workflow
1,218.0,1470.0,128109.0,180.8634137225524,0.0,1.3004923072181946,32.88425704046407,0.0,prefix_lineage_aware_advanced_workflow
2,0.0,1765.0,128032.0,0.0,0.0,1.3598157122275554,26.905301214925146,0.0,prefix_lineage_aware_advanced_workflow
3,0.0,1765.0,128032.0,0.0,0.0,1.3598157122275554,22.013428266756936,0.0,prefix_lineage_aware_advanced_workflow
4,590.0,1734.0,127473.0,14.873224406583043,0.0,1.7904882239188888,20.715209383088954,0.0,prefix_lineage_aware_advanced_workflow
5,1425.0,1734.0,126638.0,472.8884966092783,0.0,2.4338004730463725,102.92853433330521,0.0,prefix_lineage_aware_advanced_workflow
6,3521.0,3188.0,123088.0,732.6622883317727,0.0,5.168840574127291,217.42558051484477,0.0,prefix_lineage_aware_advanced_workflow
7,5163.0,3188.0,121446.0,1083.1534958105035,0.0,6.433892925106127,374.83065602314633,0.0,prefix_lineage_aware_advanced_workflow
8,1994.0,7842.0,119961.0,481.8321401361501,0.0,7.577987164572371,394.2854713164197,0.0,prefix_lineage_aware_advanced_workflow
9,1383.0,9273.0,119141.0,349.9324621508921,0.0,8.209742906230497,386.22128783177834,0.0,prefix_lineage_aware_advanced_workflow
10,,,,0.0,0.0,8.209742906230497,315.9992354987277,0.0,prefix_lineage_aware_advanced_workflow
11,2121.0,10282.0,117394.0,717.5257558582614,0.0,9.555690809494827,389.00405738227926,0.0,prefix_lineage_aware_advanced_workflow
12,,,,0.0,0.0,9.555690809494827,318.27604694913754,0.0,prefix_lineage_aware_advanced_workflow
13,2358.0,12673.0,114766.0,623.2602954838839,0.0,11.580390918125996,373.72772850090956,0.0,prefix_lineage_aware_advanced_workflow
14,,,,0.0,0.0,11.580390918125996,305.77723240983505,0.0,prefix_lineage_aware_advanced_workflow
15,,,,0.0,0.0,11.580390918125996,250.1813719716832,0.0,prefix_lineage_aware_advanced_workflow
16,3479.0,15382.0,110936.0,462.1193028447274,0.0,14.531152491968227,288.71554122132756,0.0,prefix_lineage_aware_advanced_workflow
17,,,,0.0,0.0,14.531152491968227,236.22180645381343,0.0,prefix_lineage_aware_advanced_workflow
18,5126.0,18010.0,106661.0,605.0103950984576,0.0,17.824757120734684,303.274277116476,0.0,prefix_lineage_aware_advanced_workflow
19,,,,0.0,0.0,17.824757120734684,248.1334994589349,0.0,prefix_lineage_aware_advanced_workflow
20,3345.0,21722.0,104730.0,308.2257100662615,0.0,19.31246484895645,259.05935593299427,0.0,prefix_lineage_aware_advanced_workflow
21,,,,0.0,0.0,19.31246484895645,211.95765485426801,0.0,prefix_lineage_aware_advanced_workflow
22,,,,0.0,0.0,19.31246484895645,173.41989942621927,0.0,prefix_lineage_aware_advanced_workflow
23,0.0,30630.0,99167.0,0.0,0.0,23.59838825242494,141.88900862145212,0.0,prefix_lineage_aware_advanced_workflow
24,,,,0.0,0.0,23.59838825242494,116.09100705391536,0.0,prefix_lineage_aware_advanced_workflow
25,,,,0.0,0.0,23.59838825242494,94.98355122593074,0.0,prefix_lineage_aware_advanced_workflow
26,,,,0.0,0.0,23.59838825242494,77.71381463939787,0.0,prefix_lineage_aware_advanced_workflow
27,,,,0.0,0.0,23.59838825242494,63.58403015950734,0.0,prefix_lineage_aware_advanced_workflow
28,,,,0.0,0.0,23.59838825242494,52.02329740323328,0.0,prefix_lineage_aware_advanced_workflow
29,,,,0.0,0.0,23.59838825242494,42.564516057190865,0.0,prefix_lineage_aware_advanced_workflow
30,,,,0.0,0.0,23.59838825242494,34.82551313770161,0.0,prefix_lineage_aware_advanced_workflow
31,,,,0.0,0.0,23.59838825242494,28.4936016581195,0.0,prefix_lineage_aware_advanced_workflow
32,,,,0.0,0.0,23.59838825242494,23.312946811188677,0.0,prefix_lineage_aware_advanced_workflow
33,,,,0.0,0.0,23.59838825242494,19.07422920915437,0.0,prefix_lineage_aware_advanced_workflow
34,,,,0.0,0.0,23.59838825242494,15.606187534762666,0.0,prefix_lineage_aware_advanced_workflow
35,,,,0.0,0.0,23.59838825242494,12.768698892078545,0.0,prefix_lineage_aware_advanced_workflow
36,0.0,35747.0,94050.0,0.0,0.0,27.54069816713792,10.447117275336991,0.0,prefix_lineage_aware_advanced_workflow
37,,,,0.0,0.0,27.54069816713792,8.5476414070939,0.0,prefix_lineage_aware_advanced_workflow
38,,,,0.0,0.0,27.54069816713792,6.993524787622282,0.0,prefix_lineage_aware_advanced_workflow
39,,,,0.0,0.0,27.54069816713792,5.721974826236412,0.0,prefix_lineage_aware_advanced_workflow
40,,,,0.0,0.0,27.54069816713792,4.6816157669207,0.0,prefix_lineage_aware_advanced_workflow
41,,,,0.0,0.0,27.54069816713792,3.830412900207845,0.0,prefix_lineage_aware_advanced_workflow
42,,,,0.0,0.0,27.54069816713792,3.1339741910791457,0.0,prefix_lineage_aware_advanced_workflow
43,,,,0.0,0.0,27.54069816713792,2.5641607017920283,0.0,prefix_lineage_aware_advanced_workflow
44,,,,0.0,0.0,27.54069816713792,2.0979496651025684,0.0,prefix_lineage_aware_advanced_workflow
45,0.0,48872.0,80925.0,0.0,0.0,37.65264220282441,1.7165042714475558,0.0,prefix_lineage_aware_advanced_workflow
46,,,,0.0,0.0,37.65264220282441,1.4044125857298182,0.0,prefix_lineage_aware_advanced_workflow
47,9286.0,45198.0,75313.0,726.045733743727,0.0,41.97631686402613,133.15738006900204,0.0,prefix_lineage_aware_advanced_workflow
48,,,,0.0,0.0,41.97631686402613,108.94694732918349,0.0,prefix_lineage_aware_advanced_workflow
49,6724.0,50454.0,72619.0,1008.7767372602792,0.0,44.05186560552247,272.5523636802918,0.0,prefix_lineage_aware_advanced_workflow
50,7048.0,53797.0,68952.0,822.9026204007776,0.0,46.877046464864364,372.61604672038015,0.0,prefix_lineage_aware_advanced_workflow
51,5365.0,56400.0,68032.0,451.6646892550269,0.0,47.585845589651534,386.988527181225,0.0,prefix_lineage_aware_advanced_workflow
52,6349.0,56389.0,67059.0,593.3140514928034,0.0,48.33547770749709,424.5022588742392,0.0,prefix_lineage_aware_advanced_workflow
53,,,,0.0,0.0,48.33547770749709,347.32002998801386,0.0,prefix_lineage_aware_advanced_workflow
54,2634.0,60834.0,66329.0,311.17788296968325,0.0,48.897894404339084,340.7487305301355,0.0,prefix_lineage_aware_advanced_workflow
55,4821.0,60824.0,64152.0,605.8874507715924,0.0,50.57512885505828,388.95577057403676,0.0,prefix_lineage_aware_advanced_workflow
56,3764.0,64101.0,61932.0,764.2434253953598,0.0,52.28549196052297,457.18988963245914,0.0,prefix_lineage_aware_advanced_workflow
57,4617.0,64782.0,60398.0,757.0436505199049,0.0,53.467337457722444,511.70875524835833,0.0,prefix_lineage_aware_advanced_workflow
58,,,,0.0,0.0,53.467337457722444,418.6707997486568,0.0,prefix_lineage_aware_advanced_workflow
59,1907.0,67964.0,59926.0,159.31527124879523,0.0,53.830982226091514,371.5152491123183,0.0,prefix_lineage_aware_advanced_workflow
60,4451.0,67827.0,57519.0,453.81296832551806,0.0,55.68541645800751,386.47847078744553,0.0,prefix_lineage_aware_advanced_workflow
61,6182.0,67985.0,55630.0,989.9881640945936,0.0,57.14076596531507,496.20750593419973,0.0,prefix_lineage_aware_advanced_workflow
62,,,,0.0,0.0,57.14076596531507,405.98795940070886,0.0,prefix_lineage_aware_advanced_workflow
63,3814.0,73168.0,52815.0,932.4149951402871,0.0,59.30953720039754,501.701965898814,0.0,prefix_lineage_aware_advanced_workflow
64,3963.0,76509.0,49325.0,748.7493554012898,0.0,61.99835127160104,546.6196730810823,0.0,prefix_lineage_aware_advanced_workflow
65,4079.0,77484.0,48234.0,762.6417789211421,0.0,62.83889458153886,585.8964195974568,0.0,prefix_lineage_aware_advanced_workflow
66,2904.0,81169.0,45724.0,463.8039278793104,0.0996908809891808,64.77268349807777,563.697784739612,0.018125614725305602,prefix_lineage_aware_advanced_workflow
67,2616.0,81804.0,45377.0,309.9999040553747,0.0,65.04002403753553,517.5708973424779,0.014830048411613674,prefix_lineage_aware_advanced_workflow
68,,,,0.0,0.0,65.04002403753553,423.4670978256637,0.012133675973138459,prefix_lineage_aware_advanced_workflow
69,681.0,84484.0,44632.0,76.03062925074363,0.0,65.61399724184689,360.29683081204183,0.009927553068931465,prefix_lineage_aware_advanced_workflow
70,4047.0,84144.0,41606.0,611.3815383263143,0.0,67.94533001533163,405.94859581463675,0.008122543420034834,prefix_lineage_aware_advanced_workflow
71,,,,0.0,0.0,67.94533001533163,332.1397602119755,0.006645717343664864,prefix_lineage_aware_advanced_workflow
72,,,,0.0,0.0,67.94533001533163,271.7507129007072,0.005437405099362161,prefix_lineage_aware_advanced_workflow
73,,,,0.0,0.0,67.94533001533163,222.34149237330587,0.004448785990387222,prefix_lineage_aware_advanced_workflow
74,0.0,92448.0,37349.0,0.0,0.0,71.22506683513487,181.91576648725024,0.0036399158103168176,prefix_lineage_aware_advanced_workflow
75,,,,0.0,0.0,71.22506683513487,148.84017258047746,0.0029781129357137597,prefix_lineage_aware_advanced_workflow
76,,,,0.0,0.0,71.22506683513487,121.77832302039064,0.002436637856493076,prefix_lineage_aware_advanced_workflow
77,,,,0.0,0.0,71.22506683513487,99.63680974395598,0.0019936127916761527,prefix_lineage_aware_advanced_workflow
78,,,,0.0,0.0,71.22506683513487,81.5210261541458,0.0016311377386441248,prefix_lineage_aware_advanced_workflow
79,,,,0.0,0.0,71.22506683513487,66.69902139884655,0.0013345672407088292,prefix_lineage_aware_advanced_workflow
80,,,,0.0,0.0,71.22506683513487,54.57192659905627,0.001091918651489042,prefix_lineage_aware_advanced_workflow
81,3119.0,91360.0,35318.0,156.4508682474711,0.0,72.78981794648567,73.09537053513169,0.0008933879875819435,prefix_lineage_aware_advanced_workflow
82,9351.0,90577.0,29869.0,724.1507501249981,0.0,76.98791189318706,191.4690759151074,0.0007309538080215901,prefix_lineage_aware_advanced_workflow
83,10932.0,90568.0,28297.0,856.5401465484547,0.0,78.19903387597556,312.39108875753413,0.0005980531156540282,prefix_lineage_aware_advanced_workflow
84,,,,0.0,0.0,78.19903387597556,255.592708983437,0.0004893161855351139,prefix_lineage_aware_advanced_workflow
85,,,,0.0,0.0,78.19903387597556,209.1213073500848,0.00040034960634691136,prefix_lineage_aware_advanced_workflow
86,,,,0.0,0.0,78.19903387597556,171.0992514682512,0.00032755876882929107,prefix_lineage_aware_advanced_workflow
87,,,,0.0,0.0,78.19903387597556,139.9902966558419,0.00026800262904214724,prefix_lineage_aware_advanced_workflow
88,,,,0.0,0.0,78.19903387597556,114.53751544568881,0.00021927487830721137,prefix_lineage_aware_advanced_workflow
89,,,,0.0,0.0,78.19903387597556,93.71251263738175,0.00017940671861499112,prefix_lineage_aware_advanced_workflow
90,,,,0.0,0.0,78.19903387597556,76.6738739760396,0.00014678731523044727,prefix_lineage_aware_advanced_workflow
91,,,,0.0,0.0,78.19903387597556,62.73316961675967,0.00012009871246127504,prefix_lineage_aware_advanced_workflow
92,,,,0.0,0.0,78.19903387597556,51.327138777348814,9.826258292286139e-05,prefix_lineage_aware_advanced_workflow
93,,,,0.0,0.0,78.19903387597556,41.994931726921756,8.03966587550684e-05,prefix_lineage_aware_advanced_workflow
94,,,,0.0,0.0,78.19903387597556,34.35948959475416,6.577908443596505e-05,prefix_lineage_aware_advanced_workflow
95,0.0,105446.0,24351.0,0.0,0.0,81.23916577424748,28.11230966843522,5.381925090215322e-05,prefix_lineage_aware_advanced_workflow
96,,,,0.0,0.0,81.23916577424748,23.00098063781063,4.403393255630718e-05,prefix_lineage_aware_advanced_workflow
97,1519.0,108528.0,19750.0,156.14870036065403,0.0,84.7839318320146,47.20965695105488,3.602776300061496e-05,prefix_lineage_aware_advanced_workflow
98,,,,0.0,0.0,84.7839318320146,38.62608295995399,2.9477260636866784e-05,prefix_lineage_aware_advanced_workflow
99,,,,0.0,0.0,84.7839318320146,31.6031587854169,2.4117758702891002e-05,prefix_lineage_aware_advanced_workflow
100,,,,0.0,0.0,84.7839318320146,25.857129915341098,1.9732711666001727e-05,prefix_lineage_aware_advanced_workflow
101,7595.0,107795.0,14407.0,733.8674469527143,0.0,88.90035979259922,154.58627846759077,1.6144945908546867e-05,prefix_lineage_aware_advanced_workflow
102,3516.0,115786.0,10495.0,461.0441991053024,0.0,91.91429694060726,210.30590040172015,1.3209501197901981e-05,prefix_lineage_aware_advanced_workflow
103,7677.0,115646.0,6474.0,980.4832200431632,0.0,95.01221137622595,350.338140336528,1.0807773707374348e-05,prefix_lineage_aware_advanced_workflow
104,9213.0,116083.0,4501.0,1013.3559701609886,0.0,96.53227732536192,470.88683666824807,8.842723942397192e-06,prefix_lineage_aware_advanced_workflow
105,,,,0.0,0.0,96.53227732536192,385.27104818311204,7.234955952870429e-06,prefix_lineage_aware_advanced_workflow
106,,,,0.0,0.0,96.53227732536192,315.22176669527346,5.919509415984897e-06,prefix_lineage_aware_advanced_workflow
107,5030.0,121946.0,2821.0,303.38128069643403,0.0,97.82660616192979,313.06895105912076,4.843234976714915e-06,prefix_lineage_aware_advanced_workflow
108,7853.0,120925.0,1019.0,586.9379691568345,0.0,99.21492792591509,362.8633179859778,3.962646799130385e-06,prefix_lineage_aware_advanced_workflow
109,,,,0.0,0.0,99.21492792591509,296.8881692612545,3.24216556292486e-06,prefix_lineage_aware_advanced_workflow
110,2685.0,126831.0,281.0,158.02273359250086,0.0,99.7835080934074,271.639908230572,2.6526809151203396e-06,prefix_lineage_aware_advanced_workflow
111,4686.0,125037.0,74.0,456.1938245299942,0.0,99.94298789648451,305.19516573955786,2.1703752941893686e-06,prefix_lineage_aware_advanced_workflow
112,5676.0,123696.0,425.0,533.4282357119164,0.0,99.67256562170158,346.69208755271393,1.775761604336756e-06,prefix_lineage_aware_advanced_workflow
113,5792.0,123745.0,260.0,913.390810717776,0.0,99.7996872038645,449.7282190372707,1.4528958580937093e-06,prefix_lineage_aware_advanced_workflow
114,6968.0,122540.0,289.0,622.3614685616902,0.2326530612244897,99.77734462275707,481.1160825871651,0.04230174531924566,prefix_lineage_aware_advanced_workflow
115,,,,0.0,0.0,99.77734462275707,393.64043120768054,0.03461051889756463,prefix_lineage_aware_advanced_workflow
116,4174.0,125589.0,34.0,609.7404357804643,0.0,99.97380524973613,432.93134113000485,0.028317697279825603,prefix_lineage_aware_advanced_workflow
117,,,,0.0,0.0,99.97380524973613,354.2165518336403,0.02316902504713004,prefix_lineage_aware_advanced_workflow
118,3400.0,126288.0,109.0,1010.5039891241084,0.0,99.91602271238935,473.54154043190726,0.01895647503856094,prefix_lineage_aware_advanced_workflow
119,4394.0,124941.0,462.0,659.3999978443304,0.0,99.64405956994383,507.333987234166,0.01550984321336804,prefix_lineage_aware_advanced_workflow
120,,,,0.0,0.0,99.64405956994383,415.09144410068126,0.012689871720028396,prefix_lineage_aware_advanced_workflow
121,2851.0,126870.0,76.0,720.860652650491,0.0,99.94144702882193,470.6858456551921,0.01038262231638687,prefix_lineage_aware_advanced_workflow
122,6091.0,122973.0,733.0,888.1742704485725,0.0,99.43527200166413,546.5928319812613,0.008494872804316529,prefix_lineage_aware_advanced_workflow
123,,,,0.0,0.0,99.43527200166413,447.21231707557735,0.006950350476258978,prefix_lineage_aware_advanced_workflow
124,,,,0.0,0.0,99.43527200166413,365.90098669819963,0.005686650389666436,prefix_lineage_aware_advanced_workflow
125,,,,0.0,0.0,99.43527200166413,299.3735345712542,0.004652713955181629,prefix_lineage_aware_advanced_workflow
126,0.0,129792.0,5.0,0.0,0.0,99.99614783084355,244.94198283102614,0.003806765963330424,prefix_lineage_aware_advanced_workflow
127,,,,0.0,0.0,99.99614783084355,200.40707686174864,0.0031146266972703466,prefix_lineage_aware_advanced_workflow
128,3469.0,125925.0,403.0,155.33037742272208,0.0,99.68951516598997,192.21131332738017,0.0025483309341302832,prefix_lineage_aware_advanced_workflow
129,6368.0,123389.0,40.0,447.7388321499327,0.0,99.9691826467484,238.67086220420788,0.0020849980370156863,prefix_lineage_aware_advanced_workflow
130,,,,0.0,0.0,99.9691826467484,195.276159985261,0.001705907484831016,prefix_lineage_aware_advanced_workflow
131,3385.0,126208.0,204.0,307.3134339607216,0.0,99.84283149841676,215.64657343534475,0.001395742487589013,prefix_lineage_aware_advanced_workflow
132,,,,0.0,0.0,99.84283149841676,176.43810553800932,0.0011419711262091923,prefix_lineage_aware_advanced_workflow
133,,,,0.0,0.0,99.84283149841676,144.35844998564397,0.0009343400123529754,prefix_lineage_aware_advanced_workflow
134,,,,0.0,0.0,99.84283149841676,118.11145907916324,0.0007644600101069798,prefix_lineage_aware_advanced_workflow
135,0.0,129341.0,456.0,0.0,0.0,99.64868217293159,96.63664833749719,0.0006254672809966198,prefix_lineage_aware_advanced_workflow
136,,,,0.0,0.0,99.64868217293159,79.06634863977042,0.0005117459571790526,prefix_lineage_aware_advanced_workflow
137,5708.0,123914.0,175.0,599.5075457669111,0.0,99.86517407952418,173.6920208447051,0.00041870123769195206,prefix_lineage_aware_advanced_workflow
138,10379.0,119361.0,57.0,1255.0143356938213,0.0,99.95608527161644,370.2960780899989,0.00034257373992977895,prefix_lineage_aware_advanced_workflow
139,,,,0.0,0.0,99.95608527161644,302.9695184372718,0.00028028760539709183,prefix_lineage_aware_advanced_workflow
140,,,,0.0,0.0,99.95608527161644,247.8841514486769,0.00022932622259762056,prefix_lineage_aware_advanced_workflow
141,,,,0.0,0.0,99.95608527161644,202.81430573073564,0.00018763054576168952,prefix_lineage_aware_advanced_workflow
142,,,,0.0,0.0,99.95608527161644,165.93897741605642,0.00015351590107774596,prefix_lineage_aware_advanced_workflow
143,,,,0.0,0.0,99.95608527161644,135.7682542495007,0.00012560391906361033,prefix_lineage_aware_advanced_workflow
144,4382.0,125306.0,109.0,535.6226600222025,0.0,99.91602271238935,208.46905529908284,0.00010276684287022663,prefix_lineage_aware_advanced_workflow
145,,,,0.0,0.0,99.91602271238935,170.56559069924958,8.408196234836724e-05,prefix_lineage_aware_advanced_workflow
146,,,,0.0,0.0,99.91602271238935,139.55366511756782,6.879433283048228e-05,prefix_lineage_aware_advanced_workflow
147,984.0,128339.0,474.0,160.6270359048566,0.0,99.63481436396835,143.38518707889304,5.628627231584913e-05,prefix_lineage_aware_advanced_workflow
148,,,,0.0,0.0,99.63481436396835,117.31515306454884,4.605240462205838e-05,prefix_lineage_aware_advanced_workflow
149,,,,0.0,0.0,99.63481436396835,95.98512523463086,3.767924014532049e-05,prefix_lineage_aware_advanced_workflow
150,,,,0.0,0.0,99.63481436396835,78.53328428287979,3.082846920980767e-05,prefix_lineage_aware_advanced_workflow
151,,,,0.0,0.0,99.63481436396835,64.25450532235618,2.5223292989842635e-05,prefix_lineage_aware_advanced_workflow
152,,,,0.0,0.0,99.63481436396835,52.57186799101869,2.0637239718962155e-05,prefix_lineage_aware_advanced_workflow
153,,,,0.0,0.0,99.63481436396835,43.0133465381062,1.6885014315514487e-05,prefix_lineage_aware_advanced_workflow
154,,,,0.0,0.0,99.63481436396835,35.19273807663234,1.381501171269367e-05,prefix_lineage_aware_advanced_workflow
155,,,,0.0,0.0,99.63481436396835,28.794058426335546,1.1303191401294821e-05,prefix_lineage_aware_advanced_workflow
156,,,,0.0,0.0,99.63481436396835,23.55877507609272,9.248065691968489e-06,prefix_lineage_aware_advanced_workflow
157,,,,0.0,0.0,99.63481436396835,19.27536142589404,7.5665992025196725e-06,prefix_lineage_aware_advanced_workflow
158,,,,0.0,0.0,99.63481436396835,15.770750257549668,6.190853892970641e-06,prefix_lineage_aware_advanced_workflow
159,,,,0.0,0.0,99.63481436396835,12.903341119813364,5.065244094248706e-06,prefix_lineage_aware_advanced_workflow
160,,,,0.0,0.0,99.63481436396835,10.557279098029115,4.144290622567123e-06,prefix_lineage_aware_advanced_workflow
161,,,,0.0,0.0,99.63481436396835,8.637773807478366,3.3907832366458274e-06,prefix_lineage_aware_advanced_workflow
162,,,,0.0,0.0,99.63481436396835,7.067269478845936,2.7742771936193132e-06,prefix_lineage_aware_advanced_workflow
163,,,,0.0,0.0,99.63481436396835,5.782311391783038,2.2698631584158017e-06,prefix_lineage_aware_advanced_workflow
164,,,,0.0,0.0,99.63481436396835,4.7309820478224855,1.8571607659765649e-06,prefix_lineage_aware_advanced_workflow
165,0.0,129795.0,2.0,0.0,0.0,99.99845913233742,3.8708034936729425,1.519495172162644e-06,prefix_lineage_aware_advanced_workflow
166,,,,0.0,0.0,99.99845913233742,3.167021040277862,1.2432233226785269e-06,prefix_lineage_aware_advanced_workflow
167,7893.0,121869.0,35.0,1167.2061469112234,0.0,99.97303481590484,214.81049847135887,1.0171827185551583e-06,prefix_lineage_aware_advanced_workflow
168,,,,0.0,0.0,99.97303481590484,175.75404420383907,8.32240406090584e-07,prefix_lineage_aware_advanced_workflow
169,,,,0.0,0.0,99.97303481590484,143.79876343950468,6.809239686195687e-07,prefix_lineage_aware_advanced_workflow
170,6732.0,123045.0,20.0,594.5042142870171,0.0,99.98459132337419,225.7452090481433,5.571196106887381e-07,prefix_lineage_aware_advanced_workflow
171,5440.0,123526.0,831.0,600.5547113679291,0.0,99.35976948619768,293.89239128810436,4.558251360180584e-07,prefix_lineage_aware_advanced_workflow
172,7390.0,122361.0,46.0,740.5941719621469,0.0,99.96456004376064,375.110896865203,3.7294783856022956e-07,prefix_lineage_aware_advanced_workflow
173,,,,0.0,0.0,99.96456004376064,306.90891561698425,3.051391406401878e-07,prefix_lineage_aware_advanced_workflow
174,,,,0.0,0.0,99.96456004376064,251.10729459571436,2.496592968874264e-07,prefix_lineage_aware_advanced_workflow
175,4022.0,125593.0,182.0,406.62944857599496,0.0,99.85978104270514,279.38404986485625,2.0426669745334884e-07,prefix_lineage_aware_advanced_workflow
176,7164.0,122578.0,55.0,583.9323588221547,0.0,99.95762613927903,334.7564696752741,1.671272979163763e-07,prefix_lineage_aware_advanced_workflow
177,8572.0,120689.0,536.0,699.4419814725152,0.0,99.58704746642834,401.06292636568156,1.3674051647703515e-07,prefix_lineage_aware_advanced_workflow
178,,,,0.0,0.0,99.58704746642834,328.142394299194,1.1187860439030148e-07,prefix_lineage_aware_advanced_workflow
179,,,,0.0,0.0,99.58704746642834,268.4801407902496,9.15370399557012e-08,prefix_lineage_aware_advanced_workflow
180,0.0,129688.0,109.0,0.0,0.0,99.91602271238935,219.66556973747694,7.489394178193735e-08,prefix_lineage_aware_advanced_workflow
181,,,,0.0,0.0,99.91602271238935,179.72637523975385,6.127686145794873e-08,prefix_lineage_aware_advanced_workflow
182,2244.0,127353.0,200.0,311.83902551548374,0.0,99.84591323374192,203.74685710806835,5.013561392013987e-08,prefix_lineage_aware_advanced_workflow
183,,,,0.0,0.0,99.84591323374192,166.70197399751046,4.102004775284171e-08,prefix_lineage_aware_advanced_workflow
184,,,,0.0,0.0,99.84591323374192,136.39252417978128,3.356185725232503e-08,prefix_lineage_aware_advanced_workflow
185,,,,0.0,0.0,99.84591323374192,111.59388341982104,2.7459701388265933e-08,prefix_lineage_aware_advanced_workflow
186,2941.0,126370.0,486.0,308.7969360932792,0.0,99.62556915799287,147.44898390590433,2.2467028408581216e-08,prefix_lineage_aware_advanced_workflow
187,7398.0,122241.0,158.0,1173.1594578084057,0.0,99.87827145465612,333.94179734272274,1.8382114152475538e-08,prefix_lineage_aware_advanced_workflow
188,9051.0,120608.0,138.0,1407.2110503869312,0.0,99.89368013128193,529.0816615325789,1.5039911579298167e-08,prefix_lineage_aware_advanced_workflow
189,,,,0.0,0.0,99.89368013128193,432.8849957993827,1.2305382201243953e-08,prefix_lineage_aware_advanced_workflow
190,,,,0.0,0.0,99.89368013128193,354.17863292676765,1.0068039982835962e-08,prefix_lineage_aware_advanced_workflow
191,1119.0,128286.0,392.0,160.17161812282342,0.0,99.69798993813417,318.90463023514144,8.237487258683967e-09,prefix_lineage_aware_advanced_workflow
192,,,,0.0,0.0,99.69798993813417,260.9219701923884,6.739762302559609e-09,prefix_lineage_aware_advanced_workflow
193,,,,0.0,0.0,99.69798993813417,213.4816119755905,5.514350974821498e-09,prefix_lineage_aware_advanced_workflow
194,4712.0,123834.0,1251.0,304.4049346034454,0.0,99.0361872770557,230.01312518065504,4.5117417066721345e-09,prefix_lineage_aware_advanced_workflow
195,,,,0.0,0.0,99.0361872770557,188.19255696599046,3.691425032731746e-09,prefix_lineage_aware_advanced_workflow
196,4085.0,125299.0,413.0,397.321222116681,0.0,99.68181082767707,226.21595062975237,3.0202568449623376e-09,prefix_lineage_aware_advanced_workflow
197,,,,0.0,0.0,99.68181082767707,185.0857777879792,2.471119236787367e-09,prefix_lineage_aware_advanced_workflow
198,3788.0,125883.0,126.0,402.304245385523,0.0,99.90292533725741,224.58004462389624,2.0218248300987548e-09,prefix_lineage_aware_advanced_workflow
199,7982.0,121700.0,115.0,1018.0632193661554,0.0,99.9114001094016,368.84971275885243,1.6542203155353446e-09,prefix_lineage_aware_advanced_workflow
200,10160.0,118907.0,730.0,1266.774491219678,0.0,99.43758330315801,532.1087633880934,1.3534529854380092e-09,prefix_lineage_aware_advanced_workflow
201,,,,0.0,0.0,99.43758330315801,435.3617154993491,1.1073706244492802e-09,prefix_lineage_aware_advanced_workflow
202,,,,0.0,0.0,99.43758330315801,356.2050399540129,9.060305109130474e-10,prefix_lineage_aware_advanced_workflow
203,0.0,129658.0,139.0,0.0,0.0,99.89290969745063,291.44048723510144,7.412976907470387e-10,prefix_lineage_aware_advanced_workflow
204,,,,0.0,0.0,99.89290969745063,238.45130773781025,6.065162924293952e-10,prefix_lineage_aware_advanced_workflow
205,3370.0,126188.0,239.0,155.8828174145573,0.0,99.8158663143216,223.43885495176426,4.962406028967778e-10,prefix_lineage_aware_advanced_workflow
206,,,,0.0,0.0,99.8158663143216,182.813608596898,4.060150387337273e-10,prefix_lineage_aware_advanced_workflow
207,5819.0,123485.0,493.0,299.87377038592075,0.0,99.62017612117383,204.09727437672032,3.321941226003223e-10,prefix_lineage_aware_advanced_workflow
208,9230.0,119614.0,953.0,393.8466600553962,0.0,99.26577655878025,238.5971626819341,2.717951912184455e-10,prefix_lineage_aware_advanced_workflow
209,,,,0.0,0.0,99.26577655878025,195.2158603761279,2.2237788372418265e-10,prefix_lineage_aware_advanced_workflow
210,,,,0.0,0.0,99.26577655878025,159.72206758046826,1.819455412288767e-10,prefix_lineage_aware_advanced_workflow
211,,,,0.0,0.0,99.26577655878025,130.68169165674675,1.4886453373271727e-10,prefix_lineage_aware_advanced_workflow
212,,,,0.0,0.0,99.26577655878025,106.92138408279278,1.217982548722232e-10,prefix_lineage_aware_advanced_workflow
213,,,,0.0,0.0,99.26577655878025,87.48113243137591,9.965311762272807e-11,prefix_lineage_aware_advanced_workflow
214,,,,0.0,0.0,99.26577655878025,71.57547198930756,8.153436896405024e-11,prefix_lineage_aware_advanced_workflow
215,,,,0.0,0.0,99.26577655878025,58.56174980943345,6.670993824331383e-11,prefix_lineage_aware_advanced_workflow
216,1697.0,127756.0,344.0,159.36313074644184,0.0,99.7349707620361,76.88927361616224,5.458085856271131e-11,prefix_lineage_aware_advanced_workflow
217,,,,0.0,0.0,99.7349707620361,62.90940568595092,4.46570660967638e-11,prefix_lineage_aware_advanced_workflow
218,2179.0,127552.0,66.0,307.752518289147,0.0,99.94915136713483,107.42633525016839,3.6537599533715834e-11,prefix_lineage_aware_advanced_workflow
219,10040.0,119175.0,582.0,329.37423287810503,0.0,99.55160751018899,147.78049845524777,2.989439961849477e-11,prefix_lineage_aware_advanced_workflow
220,,,,0.0,0.0,99.55160751018899,120.91131691792998,2.44590542333139e-11,prefix_lineage_aware_advanced_workflow
221,7750.0,121954.0,93.0,728.6577300457571,0.0,99.92834965368999,231.4106647593531,2.001195346362046e-11,prefix_lineage_aware_advanced_workflow
222,,,,0.0,0.0,99.92834965368999,189.3359984394707,1.6373416470234922e-11,prefix_lineage_aware_advanced_workflow
223,,,,0.0,0.0,99.92834965368999,154.91127145047602,1.3396431657464935e-11,prefix_lineage_aware_advanced_workflow
224,,,,0.0,0.0,99.92834965368999,126.74558573220764,1.0960716810653129e-11,prefix_lineage_aware_advanced_workflow
225,,,,0.0,0.0,99.92834965368999,103.70093378089716,8.967859208716195e-12,prefix_lineage_aware_advanced_workflow
226,,,,0.0,0.0,99.92834965368999,84.84621854800676,7.337339352585978e-12,prefix_lineage_aware_advanced_workflow
227,,,,0.0,0.0,99.92834965368999,69.41963335746007,6.003277652115799e-12,prefix_lineage_aware_advanced_workflow
228,,,,0.0,0.0,99.92834965368999,56.79788183792187,4.9117726244583806e-12,prefix_lineage_aware_advanced_workflow
229,6560.0,121878.0,1359.0,594.5172673831829,0.0,98.95298042327634,154.56504284615116,4.018723056375038e-12,prefix_lineage_aware_advanced_workflow
230,7927.0,121841.0,29.0,731.5392717966598,0.0,99.97765741889258,259.46944810988,3.2880461370341217e-12,prefix_lineage_aware_advanced_workflow
231,5225.0,124259.0,313.0,452.5754535972654,0.0,99.7588542108061,294.57963092576824,2.6902195666642812e-12,prefix_lineage_aware_advanced_workflow
232,6114.0,123235.0,448.0,597.4443206459821,0.0,99.65484564358191,349.6459381476253,2.2010887363616843e-12,prefix_lineage_aware_advanced_workflow
233,6754.0,122150.0,893.0,594.045476016521,0.0,99.31200258865768,394.0822177601518,1.8008907842959234e-12,prefix_lineage_aware_advanced_workflow
234,5112.0,124154.0,531.0,302.5311930272537,0.0,99.59089963558479,377.43657689962487,1.4734560962421191e-12,prefix_lineage_aware_advanced_workflow
235,,,,0.0,0.0,99.59089963558479,308.8117447360567,1.205554987834461e-12,prefix_lineage_aware_advanced_workflow
236,,,,0.0,0.0,99.59089963558479,252.6641547840464,9.863631718645588e-13,prefix_lineage_aware_advanced_workflow
237,0.0,129432.0,365.0,0.0,0.0,99.71879165157901,206.72521755058338,8.070244133437299e-13,prefix_lineage_aware_advanced_workflow
238,1345.0,127947.0,505.0,160.0408072057709,0.0,99.61093091519835,198.23714294243564,6.602927018266881e-13,prefix_lineage_aware_advanced_workflow
239,1505.0,127947.0,345.0,159.85049375130137,0.0,99.73420032820482,191.25775218041122,5.402394833127447e-13,prefix_lineage_aware_advanced_workflow
